rank,symbol,ticker,index,sector,price,final_score,early_score,setup,trend_raw,momentum_raw,relative_strength,sector_score,quality_score,fundamental_coverage,dist20res,volume_ratio,chase,diagnostic_reason
1,CPPLUS,CPPLUS.NS,NIFTYSMALLCAP250,Capital Goods,4185.2001953125,82.0789157402081,85.39758503445508,BREAKOUT,94.82381302351592,97.27941176470588,1.2655131738854726,79.0,16.658720592354978,8,0.0008832168630193241,2.7791290594151006,False,Passed key qualification checks
2,PTCIL,PTCIL.NS,NIFTYSMALLCAP250,Capital Goods,24535.0,78.92575859663016,92.08023342079268,PRE-BREAKOUT,95.67815819287993,94.67436974789916,0.6138029487566382,79.0,16.04305392918537,8,0.010685483870967741,1.0959454795756995,False,Passed key qualification checks
3,CUPID,CUPID.NS,NIFTYSMALLCAP250,Fast Moving Consumer Goods,366.1000061035156,77.51905443128723,83.51973234446609,WATCH,95.82805800839893,99.82142857142857,3.0478250260111115,62.0,16.228168543937926,8,-0.025490213175113796,1.2220673714037156,True,Price above calculated buy range; do not chase
4,CYIENT,CYIENT.NS,NIFTYSMALLCAP250,Information Technology,1158.800048828125,76.32774433657674,84.89918355488213,WATCH,95.7030452160715,85.65126050420169,0.41016235041926496,63.5,10.491398078874756,8,0.01252658813112484,5.565524885796787,False,Watchlist only; wait for confirmation
5,GESHIP,GESHIP.NS,NIFTYSMALLCAP250,Services,1533.699951171875,74.25190650415178,71.04678411713826,WATCH,92.26913484122537,78.32983193277312,0.1847760194367304,77.0,16.553594441050393,8,0.031143429455543273,0.40768579717688663,False,Watchlist only; wait for confirmation
6,LAURUSLABS,LAURUSLABS.NS,NIFTYMIDCAP150,Healthcare,2036.5999755859375,74.24448778829247,93.11092658392778,PRE-BREAKOUT,90.01605323603525,97.67857142857142,0.944890232753708,89.0,13.245390492810456,8,0.013848526177675319,0.7996705630551091,False,Passed key qualification checks
7,AUROPHARMA,AUROPHARMA.NS,NIFTYMIDCAP150,Healthcare,1693.0,73.1733707257236,84.87678227348214,PRE-BREAKOUT,86.64169751969573,84.23319327731093,0.3290445462983881,89.0,11.109906211546797,8,0.027011494252873563,0.875739891078412,False,Passed key qualification checks
8,STLTECH,STLTECH.NS,NIFTYSMALLCAP250,Telecommunication,1015.2000122070312,73.16121368382144,82.65089039233334,WATCH,100.0,99.9264705882353,4.124633635120739,97.0,14.04128174561517,8,0.03415466103392663,0.6148359199786525,False,Watchlist only; wait for confirmation
9,KOTAKBANK,KOTAKBANK.NS,NIFTY50,Financial Services,441.0,73.08221817458421,77.90552063254225,REJECT,90.69356084336628,76.78571428571429,0.22361553496130926,30.0,10.612598847145382,6,0.0011325028312570782,1.4418798650784703,False,Sector score below 45
10,HFCL,HFCL.NS,NIFTYSMALLCAP250,Telecommunication,260.3999938964844,72.25102918278203,84.32841090241098,WATCH,93.46574866356575,97.88865546218489,2.528928177883257,97.0,12.65162000326788,7,0.05621401746860614,1.2391215410514471,False,Watchlist only; wait for confirmation
11,CUB,CUB.NS,NIFTYSMALLCAP250,Financial Services,231.4199981689453,71.5961492298824,78.90467539563693,REJECT,88.07059270969742,79.84243697478992,0.2822974053783863,30.0,11.067694001100717,6,0.031512864094858775,1.461350311640212,False,Sector score below 45
12,SYRMA,SYRMA.NS,NIFTYSMALLCAP250,Capital Goods,1719.9000244140625,71.06858085238323,77.30411523586531,WATCH,92.90297686369982,97.07983193277312,1.0999758973123273,79.0,15.428744905265033,8,0.056348048144167544,0.41691103387622247,False,Watchlist only; wait for confirmation
13,BHEL,BHEL.NS,NIFTYMIDCAP150,Capital Goods,433.6000061035156,70.83809460509792,77.17718475101694,WATCH,87.01455647622214,93.31932773109243,0.6987241913063561,79.0,12.30703891660179,7,0.04901854480786208,1.2716808620049131,False,Watchlist only; wait for confirmation
14,DIVISLAB,DIVISLAB.NS,NIFTYNEXT50,Healthcare,9340.0,69.75305382213271,83.33659103993901,WATCH,70.31217339735764,93.21428571428571,0.6559875277521848,89.0,15.081647421521348,8,0.04106776180698152,0.7694139372490427,False,Watchlist only; wait for confirmation
15,CHENNPETRO,CHENNPETRO.NS,NIFTYSMALLCAP250,Oil Gas & Consumable Fuels,1487.699951171875,69.72214258703484,65.68714347518095,WATCH,89.87018176524396,94.67436974789916,0.6300403839100165,74.5,13.525633632248205,7,0.11314458946535022,0.595458438977592,False,Watchlist only; wait for confirmation
16,MTARTECH,MTARTECH.NS,NIFTYSMALLCAP250,Capital Goods,7781.5,69.60890081616442,75.11650494539347,WATCH,92.21216141254769,94.63235294117646,0.9409521438109524,79.0,14.842003914461436,8,0.04947169119892506,0.47340498001764675,False,Watchlist only; wait for confirmation
17,COFORGE,COFORGE.NS,NIFTYMIDCAP150,Information Technology,1867.9000244140625,69.49589321062662,80.98430540576751,WATCH,68.831965261048,86.92226890756304,0.5352938684364129,63.5,14.818726732880709,8,0.013572006497265957,1.0408491526942605,False,20-day average not above 50-day average; Trend score below 70
18,RRKABEL,RRKABEL.NS,NIFTYSMALLCAP250,Capital Goods,2705.60009765625,69.39455772097459,82.25629698180569,WATCH,69.36479772367075,97.62605042016807,0.9992640618953262,79.0,15.610246113476535,8,0.03605527626170851,0.7105087826455526,False,20-day average not above 50-day average; Trend score below 70
19,TDPOWERSYS,TDPOWERSYS.NS,NIFTYSMALLCAP250,Capital Goods,793.75,69.2922218690423,80.82871306437713,WATCH,91.47888702119184,97.15336134453781,0.8578933516132315,79.0,12.382018999317548,8,0.0728302503960049,0.6359289042978311,False,Watchlist only; wait for confirmation
20,KARURVYSYA,KARURVYSYA.NS,NIFTYSMALLCAP250,Financial Services,339.8999938964844,69.18634703688986,73.62247061135571,REJECT,68.5611064685533,83.21428571428571,0.27926044077546563,30.0,12.156460910117893,6,0.011343787187197031,1.4844587185270228,False,20-day average not above 50-day average; Trend score below 70; Sector score below 45
21,GLAND,GLAND.NS,NIFTYSMALLCAP250,Healthcare,3061.800048828125,69.09679318781656,88.14416558603898,WATCH,90.15828090866248,95.25210084033613,0.8462892247753614,89.0,9.633902384929696,8,0.03443707069437874,0.4124174953356786,False,Watchlist only; wait for confirmation
22,BBOX,BBOX.NS,NIFTYSMALLCAP250,Information Technology,892.0999755859375,69.04378792911608,72.81339126512589,WATCH,95.59254356196706,90.4516806722689,0.8488768959534451,63.5,9.42564953616366,8,0.023533275585095076,5.515671385019163,False,Watchlist only; wait for confirmation
23,PERSISTENT,PERSISTENT.NS,NIFTYMIDCAP150,Information Technology,5770.0,68.76738897067628,75.0096821908435,WATCH,71.01165394888203,72.24789915966386,0.13898165719031896,63.5,14.659986439437018,9,-0.0019100538287897205,1.758029118068591,False,20-day average not above 50-day average
24,PVRINOX,PVRINOX.NS,NIFTYSMALLCAP250,Media Entertainment & Publication,1327.199951171875,68.62788916077463,84.46651505059347,WATCH,91.24509950501556,89.42226890756302,0.4512097419726845,58.0,7.931444210566785,7,0.034623287725967254,0.7889628931989072,False,Watchlist only; wait for confirmation
25,REDINGTON,REDINGTON.NS,NIFTYSMALLCAP250,Services,380.0,68.61043874826166,73.22539303833088,WATCH,69.7095606653875,94.27521008403362,0.8412314500101515,77.0,14.014077027120738,8,0.09415971394517282,0.5114005637367971,False,Trend score below 70
26,FINCABLES,FINCABLES.NS,NIFTYSMALLCAP250,Capital Goods,1388.699951171875,68.44840187701067,77.79034230354215,WATCH,72.83595101661079,95.80882352941177,0.7106289269848735,79.0,13.8080107192962,8,0.07358242083263843,0.3925040473782735,False,Watchlist only; wait for confirmation
27,APARINDS,APARINDS.NS,NIFTYMIDCAP150,Capital Goods,17984.0,67.72740441844188,74.95013598830242,WATCH,88.72966589512562,95.6827731092437,0.7820550767226163,79.0,14.143546797705605,8,0.06649364131845316,0.7420892343286439,False,Watchlist only; wait for confirmation
28,MAHABANK,MAHABANK.NS,NIFTYMIDCAP150,Financial Services,83.16000366210938,67.67151358422765,76.24815110607256,REJECT,86.32737800677859,77.43697478991598,0.2686934161342688,30.0,12.780588166816871,7,0.035826044497282605,0.7625660926340915,False,Sector score below 45
29,AETHER,AETHER.NS,NIFTYSMALLCAP250,Chemicals,1748.0999755859375,66.69828612463691,79.10551005274141,WATCH,89.60678898642321,94.35924369747899,0.6019918809739425,52.0,13.096224643388622,8,0.03638167735418364,0.37441818692309164,False,Watchlist only; wait for confirmation
30,MCX,MCX.NS,NIFTYMIDCAP150,Financial Services,3318.199951171875,66.5321796476945,74.59199057232682,REJECT,89.38781937077417,87.02731092436974,0.3427252994277791,30.0,15.91962851523874,7,0.046877680171704905,0.8647811958100816,False,Sector score below 45
31,NYKAA,NYKAA.NS,NIFTYMIDCAP150,Consumer Services,343.0,65.65059269291604,75.64138667493108,WATCH,69.54677481391715,84.87394957983193,0.411565921455218,49.5,12.847851880507688,8,0.0099581818024864,1.0544598761334392,False,20-day average not above 50-day average; Trend score below 70
32,AZAD,AZAD.NS,NIFTYSMALLCAP250,Capital Goods,2910.199951171875,65.47521110888675,73.37810413751465,WATCH,89.83226793792468,95.0,0.8408301984714922,79.0,11.652338681654484,8,0.06959939830835105,0.475965207156553,False,Watchlist only; wait for confirmation
33,WELSPUNLIV,WELSPUNLIV.NS,NIFTYSMALLCAP250,Textiles,223.75,65.38908683627848,72.15767348844275,WATCH,93.25911447138918,97.22689075630251,0.8779035837165742,87.0,12.413473110517081,8,0.08859470468431772,0.5104846098770963,False,Watchlist only; wait for confirmation
34,PETRONET,PETRONET.NS,NIFTYMIDCAP150,Oil Gas & Consumable Fuels,291.5,65.33023790930548,68.62756903829344,WATCH,86.2079418889846,69.63235294117646,0.1519730241500573,74.5,10.248229856380233,8,0.027036067885515894,0.9989076050378342,False,Watchlist only; wait for confirmation
35,AEGISLOG,AEGISLOG.NS,NIFTYSMALLCAP250,Oil Gas & Consumable Fuels,1388.9000244140625,65.20561822063164,69.36820513149121,WATCH,87.81711655692888,96.62815126050421,1.3496240703263465,74.5,13.943789105327449,8,0.09145020685756174,0.5930186531582168,False,Watchlist only; wait for confirmation
36,ADANIPORTS,ADANIPORTS.NS,NIFTY50,Services,1761.0,65.17350169548445,67.69066102514574,WATCH,69.25397972607763,76.72268907563026,0.27837603688584067,77.0,8.615416359601891,8,0.03453947368421053,4.070498151987,False,Trend score below 70
37,RBLBANK,RBLBANK.NS,NIFTYSMALLCAP250,Financial Services,418.0,65.06177083198236,77.95755988833808,REJECT,88.68699533787321,85.81932773109244,0.35961526352169326,30.0,6.24412227597061,6,0.027001876021204033,1.0786200047613372,False,Sector score below 45
38,WELCORP,WELCORP.NS,NIFTYSMALLCAP250,Capital Goods,2640.39990234375,64.97908307086068,74.4078148293153,WATCH,74.32651522459958,98.17226890756304,1.8886797551332468,79.0,12.602652395239417,8,0.08951727505387931,0.3489068813153682,False,Watchlist only; wait for confirmation
39,SHYAMMETL,SHYAMMETL.NS,NIFTYSMALLCAP250,Capital Goods,1060.0999755859375,64.93670996568687,71.03897524674832,WATCH,68.54526581131563,81.07142857142857,0.3315459294837516,79.0,12.851788187558697,8,0.07656796551747605,0.2828271208758079,False,Trend score below 70
40,ACE,ACE.NS,NIFTYSMALLCAP250,Capital Goods,1176.9000244140625,64.55850054045538,73.75113141233419,WATCH,69.07561863541636,86.78571428571428,0.43718504456231566,79.0,10.76434286950227,8,0.07184540661351538,0.908031018032101,False,Trend score below 70
41,RADICO,RADICO.NS,NIFTYMIDCAP150,Fast Moving Consumer Goods,4550.0,64.27207858475236,78.08522893768942,WATCH,68.28395104413141,93.16176470588235,0.7123770059228308,62.0,12.167660897818806,8,0.013892220866385169,1.0960668515373344,False,20-day average not above 50-day average; Trend score below 70
42,SONACOMS,SONACOMS.NS,NIFTYSMALLCAP250,Automobile and Auto Components,783.2999877929688,64.16107300723837,69.10761395414654,WATCH,65.67387347074815,90.37815126050421,0.5334885023629824,57.0,15.40369189459621,8,0.06415772067745669,0.8781266370687271,False,Trend score below 70
43,CARTRADE,CARTRADE.NS,NIFTYSMALLCAP250,Consumer Services,2951.0,63.729238881448126,74.814644578796,WATCH,85.63344699863161,84.72689075630251,0.6382701294734706,49.5,12.265108642701438,8,0.06914388825564362,0.9890626793046077,False,Watchlist only; wait for confirmation
44,GRAPHITE,GRAPHITE.NS,NIFTYSMALLCAP250,Capital Goods,806.5999755859375,63.63473057000633,73.7168531336917,REJECT,72.71729906648503,88.00420168067225,0.32955035915577213,79.0,13.886343166378294,8,0.07748613471922151,0.39309972223965234,False,Failed combined setup rules; inspect the metrics
45,CASTROLIND,CASTROLIND.NS,NIFTYSMALLCAP250,Oil Gas & Consumable Fuels,194.6699981689453,63.06850908387889,66.76583590042529,WATCH,69.39606490845864,72.78361344537815,0.18383213479740446,74.5,12.671812350909041,9,0.042920334265014716,0.49128942804548176,False,Trend score below 70
46,LALPATHLAB,LALPATHLAB.NS,NIFTYSMALLCAP250,Healthcare,1933.5999755859375,63.01294284353891,70.3113492190079,REJECT,67.93651293845767,87.77310924369748,0.47125879847308216,89.0,12.707190892359217,8,0.051505936062723995,0.4512734590034706,False,Trend score below 70
47,CARBORUNIV,CARBORUNIV.NS,NIFTYSMALLCAP250,Capital Goods,1202.5999755859375,62.302239347171174,62.19244943743519,REJECT,88.90700973428376,88.66596638655463,0.46211062688134963,79.0,12.32640192266923,8,0.12148443703864151,0.2615561777574036,False,Failed combined setup rules; inspect the metrics
48,NAVINFLUOR,NAVINFLUOR.NS,NIFTYSMALLCAP250,Chemicals,8352.5,62.29443333355577,75.42517886573575,WATCH,67.74393715523445,86.01890756302521,0.44116135557353664,52.0,14.266621873534024,8,0.06670763729817308,0.39774492549359197,False,Trend score below 70
49,IPCALAB,IPCALAB.NS,NIFTYMIDCAP150,Healthcare,1915.4000244140625,62.14427343245693,67.94823040323668,REJECT,68.21311584664647,83.75,0.3916826548525879,89.0,14.025530304085018,8,0.060157004703600345,0.36558927982188355,False,Trend score below 70
50,SCI,SCI.NS,NIFTYSMALLCAP250,Services,277.25,62.01889039120644,60.35519687994129,REJECT,47.63752052852885,71.58613445378151,0.2325389139972528,77.0,14.074252210805904,8,0.056330798095985575,0.4141978449375048,False,20-day average not above 50-day average; Trend score below 70
51,AJANTPHARM,AJANTPHARM.NS,NIFTYMIDCAP150,Healthcare,3410.10009765625,61.88892244863588,63.679821560843926,REJECT,47.209247069321094,79.95798319327731,0.33188009240836835,89.0,13.816502796513616,8,0.09279305481638823,1.2246452737535305,False,20-day average not above 50-day average; Trend score below 70
52,HONASA,HONASA.NS,NIFTYSMALLCAP250,Fast Moving Consumer Goods,468.70001220703125,61.862554253705085,68.48307784792725,REJECT,67.532273996839,87.46848739495798,0.5663883993180888,62.0,15.006404784538237,8,0.049290036091214504,0.11689402330858661,False,20-day average not above 50-day average; Trend score below 70
53,PNB,PNB.NS,NIFTYNEXT50,Financial Services,116.9800033569336,61.53723155411898,65.10481540069026,REJECT,68.50048473159968,70.0,0.1446968534754588,30.0,9.645696962211138,7,0.020267991105685196,0.903712966239061,False,20-day average not above 50-day average; Trend score below 70; Sector score below 45
54,HEXT,HEXT.NS,NIFTYMIDCAP150,Information Technology,538.5,61.51708827260726,60.02052323901019,REJECT,33.40995202818469,68.31932773109244,0.2433993200291743,63.5,11.384658339330672,9,-0.019886363636363636,17.96782913671195,True,Price not above 200-day average; 50-day average not above 200-day average; 20-day average not above 50-day average; Trend score below 70; Price above calculated buy range; do not chase
55,SAGILITY,SAGILITY.NS,NIFTYSMALLCAP250,Information Technology,44.0,61.4295371289913,60.08072930932308,REJECT,67.03248400136783,60.96638655462185,0.09097422658269749,63.5,13.926938564896739,8,0.05781586121690475,1.1651409275171964,False,Trend score below 70
56,USHAMART,USHAMART.NS,NIFTYSMALLCAP250,Capital Goods,502.04998779296875,61.426119865924726,60.17788487632606,REJECT,67.39865027843943,74.3172268907563,0.25564672434016733,79.0,12.990518590810602,8,0.07473274901861178,0.5901697843089412,False,Trend score below 70
57,DEEPAKNTR,DEEPAKNTR.NS,NIFTYSMALLCAP250,Chemicals,1621.9000244140625,61.27377659317276,63.92875952875262,REJECT,47.98394445492348,66.14495798319327,0.20676664914793774,52.0,14.61181373565599,8,0.029964100230823864,1.6022115648749127,False,Price not above 200-day average; 20-day average not above 50-day average; Trend score below 70
58,MPHASIS,MPHASIS.NS,NIFTYMIDCAP150,Information Technology,2360.0,61.16566800830792,61.71600086882984,REJECT,67.13432221655707,59.70588235294118,0.09237234734778366,63.5,10.762618738420596,9,0.041079230281015164,1.5140945437540414,False,20-day average not above 50-day average; Trend score below 70
59,FEDERALBNK,FEDERALBNK.NS,NIFTYMIDCAP150,Financial Services,330.0,60.607939111376986,62.96495013502791,REJECT,64.61025696521266,74.28571428571428,0.22564128944238349,30.0,11.185489866658944,6,0.04912833422469345,0.7998500913701684,False,20-day average not above 50-day average; Trend score below 70; Sector score below 45
60,NETWEB,NETWEB.NS,NIFTYSMALLCAP250,Information Technology,4721.60009765625,60.20585651654234,66.23658808803933,REJECT,64.61652601457192,82.72058823529412,0.4882953121467747,63.5,14.894649261699598,8,0.07916136564480741,0.9521956179249225,False,20-day average not above 50-day average; Trend score below 70
61,TBOTEK,TBOTEK.NS,NIFTYSMALLCAP250,Consumer Services,1666.4000244140625,60.20156276635887,67.56390447139214,REJECT,67.3422912147249,85.36764705882354,0.49488343150169467,49.5,12.915721773722717,8,0.05985894250264457,0.7937807246464769,False,Trend score below 70
62,ABDL,ABDL.NS,NIFTYSMALLCAP250,Fast Moving Consumer Goods,711.5499877929688,60.1979766636168,74.90823054890721,REJECT,93.36394954817104,91.92226890756302,0.6315128098252979,62.0,6.318930832395892,8,0.05604935086786439,0.8594732975600983,False,Failed combined setup rules; inspect the metrics
63,AIIL,AIIL.NS,NIFTYMIDCAP150,Financial Services,549.7000122070312,60.003092461693626,69.29610303314354,REJECT,67.60903336280901,76.7016806722689,0.30690004412338456,30.0,10.221016037837376,7,0.03898599264505026,0.149745603038062,False,20-day average not above 50-day average; Trend score below 70; Sector score below 45
64,LICHSGFIN,LICHSGFIN.NS,NIFTYMIDCAP150,Financial Services,551.6500244140625,59.82035138214887,64.20309033117162,REJECT,88.4664510653632,63.91806722689075,0.12409392380765649,30.0,6.289386851603405,7,0.04343677347448361,1.2791272695915812,False,Sector score below 45
65,SUNTV,SUNTV.NS,NIFTYSMALLCAP250,Media Entertainment & Publication,635.9000244140625,59.515101769150554,64.22989449028842,REJECT,80.17892980227957,72.40546218487395,0.1310955187088757,58.0,8.471296610750471,8,0.04217502480845957,0.5056247483865445,False,50-day average not above 200-day average
66,MOTILALOFS,MOTILALOFS.NS,NIFTYMIDCAP150,Financial Services,1026.0,59.39762732826067,70.6184262299018,REJECT,88.51725597073266,82.17436974789915,0.41617854428211076,30.0,8.604300829148027,7,0.05893143774363678,0.9086414969187391,False,Sector score below 45
67,ECLERX,ECLERX.NS,NIFTYSMALLCAP250,Services,1866.800048828125,59.29934039101637,63.05521923032764,REJECT,66.8016136653096,74.359243697479,0.2708904115326113,77.0,12.067965056077963,8,0.07446700603464304,0.39038982853531573,False,Trend score below 70
68,ANANDRATHI,ANANDRATHI.NS,NIFTYSMALLCAP250,Financial Services,2038.699951171875,59.183175605764006,50.6194985286199,REJECT,45.848447056864444,69.93697478991596,0.26366255924214876,30.0,15.65692677761226,8,0.10126078339826458,2.254135164627297,False,20-day average not above 50-day average; Trend score below 70; Sector score below 45
69,ETERNAL,ETERNAL.NS,NIFTY50,Consumer Services,323.45001220703125,59.127447480203486,64.29170227510988,REJECT,67.69365276446034,81.08193277310924,0.38922684579723665,49.5,16.181136964339537,8,0.06083037764440269,0.604285840179307,False,Trend score below 70
70,PNBHOUSING,PNBHOUSING.NS,NIFTYSMALLCAP250,Financial Services,1158.0,59.06499629909982,72.46034212375253,REJECT,68.87055494262117,83.89705882352942,0.39789736459753156,30.0,5.48238927836363,7,0.02656353079561298,0.7820815584773815,False,20-day average not above 50-day average; Trend score below 70; Sector score below 45
71,GLENMARK,GLENMARK.NS,NIFTYMIDCAP150,Healthcare,2293.0,58.97000331051827,53.96907085384906,REJECT,65.4000270880114,62.41596638655462,0.11757442453516165,89.0,15.407487577031773,8,0.07796851902282488,0.6797092502789204,False,Trend score below 70
72,SANSERA,SANSERA.NS,NIFTYSMALLCAP250,Automobile and Auto Components,4124.7001953125,58.802627088364595,61.166869146870084,REJECT,70.08012953652235,96.68067226890756,0.8981435829508883,57.0,13.589204646089934,8,0.13045215656951617,0.7888551676514294,False,Failed combined setup rules; inspect the metrics
73,ENGINERSIN,ENGINERSIN.NS,NIFTYSMALLCAP250,Construction,293.1000061035156,58.66987586101142,68.67257402693244,REJECT,92.73423776244346,91.75420168067225,0.49287593108854033,21.5,9.761398489724073,8,0.08805223500434643,0.6242046956978813,False,Sector score below 45
74,DEEPAKFERT,DEEPAKFERT.NS,NIFTYSMALLCAP250,Chemicals,1392.5999755859375,58.49885281144489,62.22609244357618,REJECT,66.3589496164382,72.53151260504201,0.3977671670952573,52.0,11.864193774968635,8,0.01998594258554715,0.8113106526914369,False,20-day average not above 50-day average; Trend score below 70
75,IIFL,IIFL.NS,NIFTYSMALLCAP250,Financial Services,597.7000122070312,58.43365804806115,65.68001827486951,REJECT,47.17867511529126,82.3109243697479,0.39898002631114216,30.0,11.37359713268526,7,0.06353307918992362,1.1242409240989022,False,20-day average not above 50-day average; Trend score below 70; Sector score below 45
76,BALRAMCHIN,BALRAMCHIN.NS,NIFTYSMALLCAP250,Fast Moving Consumer Goods,678.1500244140625,57.95728440545044,76.70726346510105,REJECT,86.09101802616055,87.45798319327731,0.4731805181037,62.0,6.102112913576858,8,0.054513733824939,0.5594871963271003,False,Failed combined setup rules; inspect the metrics
77,ZYDUSLIFE,ZYDUSLIFE.NS,NIFTYNEXT50,Healthcare,1117.5,57.85079225188876,66.1717586652752,REJECT,65.79203209820359,75.97689075630252,0.31610576390853085,89.0,8.52994925461091,8,0.093011912877799,0.33826620930479473,False,Trend score below 70
78,TEGA,TEGA.NS,NIFTYSMALLCAP250,Capital Goods,1935.0,57.7381600815151,52.070598778765515,REJECT,73.3402732848423,74.09663865546219,0.18205471324529865,79.0,14.112458310506234,7,0.11965423111919928,0.3552737241287051,False,Failed combined setup rules; inspect the metrics
79,PAYTM,PAYTM.NS,NIFTYMIDCAP150,Financial Services,1636.0,57.55758419649395,60.062124439250965,REJECT,67.47445791508554,89.60084033613447,0.53151158156397,30.0,11.83219088411144,8,0.11829695499865266,0.9735012158263074,False,Trend score below 70; Sector score below 45
80,ICICIBANK,ICICIBANK.NS,NIFTY50,Financial Services,1355.0,57.23693976679094,67.64109329965137,REJECT,65.54085872647357,59.4327731092437,0.10525297935477373,30.0,8.651216388964645,7,0.0338680926916221,0.5661775198843843,False,20-day average not above 50-day average; Trend score below 70; Sector score below 45
81,STARHEALTH,STARHEALTH.NS,NIFTYSMALLCAP250,Financial Services,552.0999755859375,57.17673270108486,58.431482667184454,REJECT,65.57777478342886,67.74159663865547,0.2368502746602993,30.0,12.222378135659083,7,0.0547851418207976,0.17937873286614678,False,20-day average not above 50-day average; Trend score below 70; Sector score below 45
82,RKFORGE,RKFORGE.NS,NIFTYSMALLCAP250,Automobile and Auto Components,685.4500122070312,57.0838063375963,66.43492091192617,REJECT,46.77166427972886,84.15966386554622,0.3460228582749444,57.0,12.028235151893611,8,0.07496624533464069,1.1153830677002092,False,20-day average not above 50-day average; Trend score below 70
83,BEML,BEML.NS,NIFTYSMALLCAP250,Capital Goods,1894.699951171875,57.01814284238111,56.02018204380714,REJECT,65.72193165094232,66.1344537815126,0.2648120100509549,79.0,13.039416395144315,7,0.11561218473154787,1.1375707701573166,False,Trend score below 70
84,GRANULES,GRANULES.NS,NIFTYSMALLCAP250,Healthcare,815.25,57.01550446544633,52.55798541645941,REJECT,64.31149987067518,72.03781512605042,0.3295068582674504,89.0,12.49790742874288,8,0.11736049537034161,0.4703318938097838,False,Trend score below 70
85,KAJARIACER,KAJARIACER.NS,NIFTYSMALLCAP250,Consumer Durables,1215.4000244140625,56.989824687419826,63.82838598056708,REJECT,67.61748533368576,69.80042016806722,0.21503957516808414,28.0,13.864017338500972,8,0.03989256578407489,0.46368208403156347,False,20-day average not above 50-day average; Trend score below 70; Sector score below 45
86,URBANCO,URBANCO.NS,NIFTYSMALLCAP250,Consumer Services,159.75999450683594,56.76093250157727,62.14216736515538,REJECT,67.90979257079175,76.56512605042018,0.34413902729601753,49.5,14.150687696433208,5,0.1013107348415303,0.37145298105248215,False,Trend score below 70
87,ACUTAAS,ACUTAAS.NS,NIFTYSMALLCAP250,Healthcare,3160.60009765625,56.73817614143504,56.86070387406933,REJECT,65.77903122445154,81.03991596638656,0.4156109366132307,89.0,12.000515662079605,8,0.09951845192344477,0.9455454249261751,False,Trend score below 70
88,GABRIEL,GABRIEL.NS,NIFTYSMALLCAP250,Automobile and Auto Components,1362.199951171875,56.64084646221885,59.29125573609777,REJECT,65.77461106222749,85.47268907563026,0.5469552182271616,57.0,14.178326660441025,8,0.08882946409908027,0.3713043897113857,False,20-day average not above 50-day average; Trend score below 70
89,KPRMILL,KPRMILL.NS,NIFTYMIDCAP150,Textiles,1053.800048828125,56.58775813406416,54.93472244347266,REJECT,46.08423270995516,68.8655462184874,0.28623906230414986,87.0,10.747941173152071,8,0.09061097305457032,1.939098762924662,False,20-day average not above 50-day average; Trend score below 70
90,TECHM,TECHM.NS,NIFTY50,Information Technology,1514.0999755859375,56.439600073892706,58.48764083533062,REJECT,46.76245856161575,66.7016806722689,0.13185377171645174,63.5,12.632708755495852,8,0.07292430758430976,1.0270565649902996,False,20-day average not above 50-day average; Trend score below 70
91,POWERINDIA,POWERINDIA.NS,NIFTYNEXT50,Capital Goods,30605.0,56.20938174498689,60.63665653145932,REJECT,45.72813712135202,73.88655462184875,0.2428025311278882,79.0,12.786785909302465,8,0.06406727828746177,1.10733887199756,False,20-day average not above 50-day average; Trend score below 70
92,SAILIFE,SAILIFE.NS,NIFTYSMALLCAP250,Healthcare,1487.9000244140625,56.19587305225869,66.21936761489442,REJECT,66.89793933632775,86.99579831932773,0.5898685314493665,89.0,10.80690068934049,8,0.12321742815906747,0.8147069890988707,False,Trend score below 70
93,EMCURE,EMCURE.NS,NIFTYSMALLCAP250,Healthcare,1833.5,56.138680176444076,52.99315917053188,REJECT,63.992906808826014,73.47689075630251,0.23508828145658434,89.0,12.24458107786846,8,0.1271956763853008,0.2838961002399401,False,Trend score below 70
94,CGCL,CGCL.NS,NIFTYSMALLCAP250,Financial Services,241.82000732421875,56.019211491767734,59.24084550213396,REJECT,65.86373846360185,74.44327731092437,0.412583560574436,30.0,11.977126888062102,7,0.12574113525608782,0.9462178767008667,False,Trend score below 70; Sector score below 45
95,POLYCAB,POLYCAB.NS,NIFTYNEXT50,Capital Goods,8255.0,55.86668978020147,61.27833343057366,REJECT,46.14784089809042,61.344537815126046,0.15281046047811342,79.0,12.878338129479545,9,0.02457757296466974,0.846852413987926,False,Price not above 200-day average; 20-day average not above 50-day average; Trend score below 70
96,APLAPOLLO,APLAPOLLO.NS,NIFTYMIDCAP150,Capital Goods,2114.10009765625,55.786007870691066,65.40740950016576,REJECT,67.51079555194706,66.96428571428571,0.09794820175448271,79.0,9.929198324113088,8,0.06871943671605546,0.6919848616279413,False,Trend score below 70
97,PARADEEP,PARADEEP.NS,NIFTYSMALLCAP250,Chemicals,146.75,55.7312890789708,58.23965671633718,REJECT,64.81323906259773,66.3655462184874,0.2837950943668538,52.0,11.234992920437248,8,0.08652346358283029,0.9043582382489657,False,Trend score below 70
98,HSCL,HSCL.NS,NIFTYSMALLCAP250,Chemicals,659.9500122070312,55.618232316653305,68.44029219854764,REJECT,46.09495304027174,84.5483193277311,0.47044582559034553,52.0,12.865289882675027,8,0.04741624735096581,0.6104078537380061,False,20-day average not above 50-day average; Trend score below 70
99,ATHERENERG,ATHERENERG.NS,NIFTYSMALLCAP250,Automobile and Auto Components,1434.4000244140625,55.57780093076233,56.62479068011294,REJECT,63.979027851657925,90.28361344537814,0.9227094895112732,57.0,13.157804946031929,5,0.14287420112694205,0.9419273919148068,False,Trend score below 70
100,SOLARINDS,SOLARINDS.NS,NIFTYNEXT50,Chemicals,20000.0,55.54905891665931,57.87022619886032,REJECT,68.1387596360667,82.89915966386555,0.5263237694353852,52.0,15.039343055902055,8,0.11894273127753303,0.3615734159049105,False,20-day average not above 50-day average; Trend score below 70
101,CRAFTSMAN,CRAFTSMAN.NS,NIFTYSMALLCAP250,Automobile and Auto Components,10183.0,55.508783406468936,62.196748501683054,REJECT,63.79669542926098,81.50210084033614,0.44839408764548294,57.0,12.54462603265755,8,0.15134594549545796,0.4757273049955977,False,Trend score below 70
102,GAIL,GAIL.NS,NIFTYNEXT50,Oil Gas & Consumable Fuels,166.63999938964844,55.32993582212922,54.33837686169896,REJECT,47.21211944845598,61.22899159663866,0.1517196844921681,74.5,12.314356015360753,8,0.05586402612097203,0.7847123444920592,False,20-day average not above 50-day average; Trend score below 70
103,ABCAPITAL,ABCAPITAL.NS,NIFTYMIDCAP150,Financial Services,380.70001220703125,55.218101296140105,53.148941289193154,REJECT,46.56208961158166,66.55462184873949,0.18654436915934192,30.0,10.03290286090347,7,0.07157657958706266,2.031984521345432,False,20-day average not above 50-day average; Trend score below 70; Sector score below 45
104,FSL,FSL.NS,NIFTYSMALLCAP250,Services,268.1000061035156,55.04805348769673,53.907822328485544,REJECT,66.4092789853707,71.83823529411764,0.2670299848334535,77.0,8.826671592019768,8,0.08184929416604238,0.5283568760498598,False,20-day average not above 50-day average; Trend score below 70
105,TATATECH,TATATECH.NS,NIFTYSMALLCAP250,Information Technology,715.8499755859375,55.01940728525303,54.18850893417127,REJECT,44.17374512475874,72.30042016806723,0.3563578764213359,63.5,11.541142743062734,8,0.10853054098886987,2.7016518838086956,False,20-day average not above 50-day average; Trend score below 70
106,LLOYDSME,LLOYDSME.NS,NIFTYMIDCAP150,Metals & Mining,1815.5,54.89787031734625,59.40244820065623,REJECT,47.48265042999889,80.23109243697479,0.28623587902257375,19.0,13.422721596956336,8,0.0538357547422483,1.1789695273074383,False,20-day average not above 50-day average; Trend score below 70; Sector score below 45
107,MANKIND,MANKIND.NS,NIFTYMIDCAP150,Healthcare,2368.5,54.835023854983774,56.25500933099877,REJECT,66.35494656466437,66.9327731092437,0.2214933659720303,89.0,10.1672902591696,8,0.07444314185228605,0.5037983631178342,False,Trend score below 70
108,MANAPPURAM,MANAPPURAM.NS,NIFTYSMALLCAP250,Financial Services,314.79998779296875,54.73629330744128,58.39928516239293,REJECT,44.89856159326656,66.9327731092437,0.23462880713623313,30.0,12.47394823839668,7,0.06057898520084182,1.0646690801983272,False,20-day average not above 50-day average; Trend score below 70; Sector score below 45
109,VIJAYA,VIJAYA.NS,NIFTYSMALLCAP250,Healthcare,1436.5999755859375,54.55414032333339,61.561656659588074,REJECT,65.9968536379985,85.91386554621849,0.5557205986830372,89.0,11.566200839861342,8,0.09851907781453999,0.3745792282838078,False,Trend score below 70
110,INDHOTEL,INDHOTEL.NS,NIFTYMIDCAP150,Consumer Services,715.6500244140625,54.50218487802185,65.07956857448914,REJECT,48.85072757520488,66.37605042016807,0.19116992640736996,49.5,10.767217385102022,8,0.05211917296150662,0.3070484169516003,False,20-day average not above 50-day average; Trend score below 70
111,JSWINFRA,JSWINFRA.NS,NIFTYMIDCAP150,Services,338.75,54.432311007585454,59.451043618968285,REJECT,67.17619458317606,80.88235294117646,0.3944004664887607,77.0,8.099577200203111,8,0.09786950732356857,0.697874368524645,False,Trend score below 70
112,INDIANB,INDIANB.NS,NIFTYMIDCAP150,Financial Services,829.7999877929688,54.371577763031524,51.62958698631633,REJECT,47.78522599317933,43.17226890756302,-0.052436933415145215,30.0,10.31084736690898,7,0.046042408365868814,1.4508718385781554,False,Price not above 200-day average; 20-day average not above 50-day average; 6-month relative strength versus Nifty is not positive; Momentum score below 55; Trend score below 70; Sector score below 45
113,PRIVISCL,PRIVISCL.NS,NIFTYSMALLCAP250,Chemicals,3424.10009765625,54.3644027041413,58.54374827084925,REJECT,65.74529878046255,71.47058823529412,0.23018850656849177,52.0,10.532091048607324,8,0.07581643787955465,0.4665094362863848,False,Trend score below 70
114,AEGISVOPAK,AEGISVOPAK.NS,NIFTYSMALLCAP250,Oil Gas & Consumable Fuels,284.79998779296875,54.29156898961562,56.95212213129946,REJECT,67.20818230937519,83.39285714285714,0.5572507978639104,74.5,11.799049579945065,8,0.11263443850796195,0.620209038943879,False,Trend score below 70
115,KIRLOSENG,KIRLOSENG.NS,NIFTYSMALLCAP250,Capital Goods,2210.39990234375,54.11341304961571,58.760521776796075,REJECT,86.64892457967102,80.54621848739495,0.5731270699162901,79.0,6.1703733115891115,8,0.0955810546875,0.4126765613824519,False,Failed combined setup rules; inspect the metrics
116,JINDALSAW,JINDALSAW.NS,NIFTYSMALLCAP250,Capital Goods,269.6000061035156,53.95206552182839,58.6886434955494,REJECT,63.575939397037146,75.25210084033614,0.4216917784888211,79.0,6.504542705686003,8,0.15749998092651368,0.8288531695304663,False,Trend score below 70
117,MOTHERSON,MOTHERSON.NS,NIFTYNEXT50,Automobile and Auto Components,153.0,53.86996395765959,57.68786644106757,REJECT,45.578860425024615,80.95588235294117,0.35919879803763355,57.0,11.662714771315178,8,0.07953315559870505,0.7063801804155057,False,20-day average not above 50-day average; Trend score below 70
118,CAPLIPOINT,CAPLIPOINT.NS,NIFTYSMALLCAP250,Healthcare,2460.800048828125,53.684785313468204,49.798407798570004,REJECT,62.788524174456576,76.30252100840336,0.5489132919534266,89.0,11.517995106582298,8,0.17698995022470737,0.9462663275863968,False,Trend score below 70
119,SAIL,SAIL.NS,NIFTYMIDCAP150,Metals & Mining,171.5500030517578,53.659295443327856,53.06247708968692,REJECT,47.47072191309371,65.1155462184874,0.11863502925571157,19.0,9.882569895904902,8,0.09178357600542954,2.6179566107324055,False,20-day average not above 50-day average; Trend score below 70; Sector score below 45
120,OFSS,OFSS.NS,NIFTYMIDCAP150,Information Technology,10510.0,53.65878281170278,46.49667607300559,REJECT,43.66102739541424,73.57142857142857,0.5672683359103795,63.5,16.330401074365238,9,0.13133316803041573,0.9196865760329679,False,20-day average not above 50-day average; Trend score below 70
121,INOXINDIA,INOXINDIA.NS,NIFTYSMALLCAP250,Capital Goods,2056.89990234375,53.59126889466851,65.18663474069429,REJECT,67.90305510642398,87.51050420168067,0.7336567001496518,79.0,9.457333897833257,8,0.12079508341793119,0.4262338523283374,False,Trend score below 70
122,NEULANDLAB,NEULANDLAB.NS,NIFTYSMALLCAP250,Healthcare,20890.0,53.47428505154648,51.88116651263093,REJECT,45.14751318919809,81.40756302521008,0.55059502152894,89.0,16.177413697395092,8,0.13766769865841072,0.5041297898792452,False,20-day average not above 50-day average; Trend score below 70
123,BAJAJHLDNG,BAJAJHLDNG.NS,NIFTYNEXT50,Financial Services,10820.0,53.45898866727834,60.13336005127675,REJECT,47.9339163964537,66.1764705882353,0.166652403567502,30.0,9.98983689805433,9,0.054939296008385013,0.27788130342615824,False,20-day average not above 50-day average; Trend score below 70; Sector score below 45
124,BSE,BSE.NS,NIFTY50,Financial Services,3287.199951171875,53.37222783476684,54.71113792022422,REJECT,48.88871597308892,56.94327731092437,0.10335115409939022,30.0,16.074682095993975,8,0.04793350199568541,0.5612749053319839,False,Price not above 200-day average; 20-day average not above 50-day average; Trend score below 70; Sector score below 45
125,ANGELONE,ANGELONE.NS,NIFTYSMALLCAP250,Financial Services,292.0,53.34308782306082,59.47038015627732,REJECT,67.35256058537625,59.810924369747895,0.15601804321202695,30.0,11.300115973656466,7,0.05806451612903226,0.7662713997084687,False,20-day average not above 50-day average; Trend score below 70; Sector score below 45
126,FLUOROCHEM,FLUOROCHEM.NS,NIFTYMIDCAP150,Chemicals,4476.7998046875,53.32937047032413,66.8375038124387,REJECT,48.41143306184129,83.06722689075629,0.4113181625785144,52.0,11.544421922145332,8,0.08349914779675147,0.7812118505151707,False,20-day average not above 50-day average; Trend score below 70
127,KPIL,KPIL.NS,NIFTYSMALLCAP250,Construction,1391.9000244140625,53.23576184863269,63.90775948610153,REJECT,68.06444582472498,78.19327731092437,0.300112283430899,21.5,9.415999498403131,8,0.0658389097892198,0.4808019546588618,False,Trend score below 70; Sector score below 45
128,INDIGO,INDIGO.NS,NIFTY50,Services,4833.0,53.20213801536424,47.08662910406083,REJECT,46.23089682646078,52.279411764705884,0.10866813470006298,77.0,7.727634247378487,5,0.04665154354472828,1.993314031117795,False,20-day average not above 50-day average; Momentum score below 55; Trend score below 70
129,NUVAMA,NUVAMA.NS,NIFTYSMALLCAP250,Financial Services,1764.4000244140625,52.8067124592965,59.19610546319806,REJECT,68.73541883558052,75.59873949579831,0.4520781351547253,30.0,8.41486281162882,7,0.06472301912851179,0.5058423721165138,False,20-day average not above 50-day average; Trend score below 70; Sector score below 45
130,TRENT,TRENT.NS,NIFTY50,Consumer Services,2918.199951171875,52.31247064042123,59.98886405255843,REJECT,68.97480961102386,62.195378151260506,0.18414827339901507,49.5,10.385548267525634,8,0.006062686930560286,0.6765821611958136,False,20-day average not above 50-day average; Trend score below 70
131,ASAHIINDIA,ASAHIINDIA.NS,NIFTYSMALLCAP250,Automobile and Auto Components,945.9500122070312,52.30612761492713,60.867765726543766,REJECT,67.82196574265355,70.24159663865547,0.1706439355350925,57.0,11.409823628194918,8,0.04929647014368719,0.3257369571050715,False,Trend score below 70
132,TVSMOTOR,TVSMOTOR.NS,NIFTYNEXT50,Automobile and Auto Components,3866.800048828125,51.98534790684867,55.439331304242046,REJECT,43.58467615399371,62.89915966386555,0.10623014811419995,57.0,11.077820238072224,7,0.08315351539344991,1.483928016594499,False,20-day average not above 50-day average; Trend score below 70
133,TCS,TCS.NS,NIFTY50,Information Technology,2156.0,51.97482952688366,39.692821636111475,REJECT,29.309609954632364,35.93487394957983,-0.07990032160765481,63.5,12.939210679915355,8,0.07188979767541971,3.0877671875500936,False,Price not above 200-day average; 50-day average not above 200-day average; 20-day average not above 50-day average; 6-month relative strength versus Nifty is not positive; Momentum score below 55; Trend score below 70
134,CRISIL,CRISIL.NS,NIFTYMIDCAP150,Financial Services,4423.7998046875,51.8996871038635,53.38271802983655,REJECT,47.71625251639399,68.96008403361344,0.21493351966422736,30.0,15.356582193496738,9,0.07444143562203501,0.4183819858385193,False,20-day average not above 50-day average; Trend score below 70; Sector score below 45
135,ELGIEQUIP,ELGIEQUIP.NS,NIFTYSMALLCAP250,Capital Goods,583.1500244140625,51.86476049625365,58.578356879489476,REJECT,47.16984529417695,70.22058823529412,0.23563215276733718,79.0,11.654903630652095,8,0.09715125813305947,0.5881604439116218,False,20-day average not above 50-day average; Trend score below 70
136,NESTLEIND,NESTLEIND.NS,NIFTY50,Fast Moving Consumer Goods,1333.0,51.84903245262701,56.22215921961198,REJECT,27.59528552743284,62.16386554621849,0.1651183776020636,62.0,14.236603095652825,7,0.05185292207704817,1.2853686479758744,False,Price not above 200-day average; 20-day average not above 50-day average; Trend score below 70
137,MRPL,MRPL.NS,NIFTYSMALLCAP250,Oil Gas & Consumable Fuels,172.1300048828125,51.688664292143706,44.72932572496665,REJECT,67.67925093404119,59.14915966386555,0.02048584417618171,74.5,11.363763059504244,7,0.10302235353033048,0.46841691338564484,False,20-day average not above 50-day average; Trend score below 70
138,WOCKPHARMA,WOCKPHARMA.NS,NIFTYSMALLCAP250,Healthcare,1996.4000244140625,51.42938367498506,53.02219369644188,REJECT,66.45076937632003,83.04621848739495,0.5405782083324387,89.0,11.05924954105514,7,0.15406778626522774,0.6749434518452343,False,Trend score below 70
139,ACMESOLAR,ACMESOLAR.NS,NIFTYSMALLCAP250,Power,418.1000061035156,51.29327832020304,59.702053599125314,REJECT,70.08608516898526,91.22899159663866,0.5919249402557553,16.5,11.34539619257493,8,0.12329626451144773,0.23843932241213972,False,Sector score below 45
140,IDFCFIRSTB,IDFCFIRSTB.NS,NIFTYMIDCAP150,Financial Services,79.5199966430664,51.181995799421394,49.6376480456816,REJECT,45.50011440086704,71.47058823529412,0.2723170396036768,30.0,10.876933835195459,7,0.11259908379154257,0.37208458648412895,False,20-day average not above 50-day average; Trend score below 70; Sector score below 45
141,BELRISE,BELRISE.NS,NIFTYSMALLCAP250,Automobile and Auto Components,234.1699981689453,50.8749007106052,59.838841194891195,REJECT,66.40878190584968,79.7373949579832,0.2702165832862856,57.0,8.36792410201107,8,0.07908604965743335,0.5711523483438848,False,Trend score below 70
142,IDEA,IDEA.NS,NIFTYNEXT50,Telecommunication,13.0,50.83458699552312,53.27396236348806,REJECT,45.12346137069326,73.16176470588235,0.4745878203517694,97.0,8.364978902953586,6,0.1766941082073067,0.635500653366146,False,20-day average not above 50-day average; Trend score below 70
143,SHRIPISTON,SHRIPISTON.NS,NIFTYSMALLCAP250,Automobile and Auto Components,4284.5,50.762433772708555,53.55390098652525,REJECT,46.56672996199647,84.04411764705883,0.43164354700112384,57.0,10.797137684513517,8,0.11532108197398307,0.6738843813104003,False,20-day average not above 50-day average; Trend score below 70
144,COALINDIA,COALINDIA.NS,NIFTY50,Oil Gas & Consumable Fuels,411.54998779296875,50.74335457037354,52.094487155338676,REJECT,32.46254671632575,51.995798319327726,0.0016142586109562096,74.5,12.434732363231882,8,0.056727024277947645,0.6135815693423898,False,Price not above 200-day average; 50-day average not above 200-day average; Momentum score below 55; Trend score below 70
145,EXIDEIND,EXIDEIND.NS,NIFTYMIDCAP150,Automobile and Auto Components,394.3999938964844,50.134898783528925,52.3767397311821,REJECT,42.301391847398975,69.4327731092437,0.32301179167207816,57.0,12.142959324971935,8,0.1131099998421623,0.4471075864011268,False,20-day average not above 50-day average; Trend score below 70
146,MINDACORP,MINDACORP.NS,NIFTYSMALLCAP250,Automobile and Auto Components,636.2999877929688,50.055909175432376,51.46782230039043,REJECT,43.10655844145876,63.088235294117645,0.25770560986923685,57.0,13.49944119104425,8,0.10424437296825141,0.7743017844466152,False,20-day average not above 50-day average; Trend score below 70
147,HAL,HAL.NS,NIFTYNEXT50,Capital Goods,4655.60009765625,49.93558255937958,53.54400067869145,REJECT,47.35829678724017,69.2016806722689,0.2554110181782082,79.0,10.461956865396552,8,0.08667159986493574,0.7306068499465973,False,20-day average not above 50-day average; Trend score below 70
148,AARTIIND,AARTIIND.NS,NIFTYSMALLCAP250,Chemicals,460.1499938964844,49.91854460715555,43.99168328027059,REJECT,43.843508385799936,62.34243697478992,0.15489199670576237,52.0,13.480815398869916,8,0.09939505201763033,1.3631282027129732,False,20-day average not above 50-day average; Trend score below 70
149,PPLPHARMA,PPLPHARMA.NS,NIFTYSMALLCAP250,Healthcare,196.8800048828125,49.90476833632924,55.51153207658397,REJECT,45.68353252750653,75.27310924369749,0.43095377952764136,89.0,9.359399479061542,5,0.1355433375068606,0.4833996860328876,False,20-day average not above 50-day average; Trend score below 70
150,TORNTPHARM,TORNTPHARM.NS,NIFTYNEXT50,Healthcare,4656.89990234375,49.87636672316838,53.980078628237074,REJECT,46.095383934028646,67.82563025210084,0.21962890953612313,89.0,9.853031413631106,8,0.07047906140843313,0.9355419961828182,False,20-day average not above 50-day average; Trend score below 70
151,INDUSTOWER,INDUSTOWER.NS,NIFTYMIDCAP150,Telecommunication,380.8500061035156,49.44132715130303,47.675489599875554,REJECT,50.739570871405604,47.65756302521008,-0.04224735213257491,97.0,7.835754487352617,9,0.029186801034252658,0.5257816897472096,False,Price not above 200-day average; 50-day average not above 200-day average; 6-month relative strength versus Nifty is not positive; Momentum score below 55; Trend score below 70
152,CONCORDBIO,CONCORDBIO.NS,NIFTYSMALLCAP250,Healthcare,1361.4000244140625,49.308287989228184,45.329952854244404,REJECT,45.17233165638514,72.0483193277311,0.3661274484398246,89.0,13.34274250848273,8,0.14484923089568938,0.7970627275338245,False,20-day average not above 50-day average; Trend score below 70
153,JYOTICNC,JYOTICNC.NS,NIFTYSMALLCAP250,Capital Goods,999.7000122070312,49.142212912540515,55.10824396076444,REJECT,70.09590451576355,80.35714285714286,0.29612290150451004,79.0,9.03574295027771,8,0.11889649769227285,0.4218589869049419,False,Failed combined setup rules; inspect the metrics
154,NAUKRI,NAUKRI.NS,NIFTYMIDCAP150,Consumer Services,1219.0,48.76432592685002,50.51849872627932,REJECT,46.005798555658124,68.22478991596638,0.24558855737344099,49.5,9.984354954806467,8,0.0784002079080745,1.1166931264743645,False,20-day average not above 50-day average; Trend score below 70
155,VBL,VBL.NS,NIFTYNEXT50,Fast Moving Consumer Goods,441.0,48.71807551839534,59.342183130819905,REJECT,34.7863140005545,59.34873949579831,0.10897607079168281,62.0,12.015302897378275,9,0.006868568577443039,0.5290368317458977,False,Price not above 200-day average; 50-day average not above 200-day average; 20-day average not above 50-day average; Trend score below 70
156,SUNPHARMA,SUNPHARMA.NS,NIFTY50,Healthcare,1760.0,48.67116911661864,49.89868812040494,REJECT,27.354731423360327,53.01470588235294,0.09071303494399696,89.0,11.70642068185547,8,0.07300114682829036,0.8348139612094774,False,Price not above 200-day average; 20-day average not above 50-day average; Momentum score below 55; Trend score below 70
157,BERGEPAINT,BERGEPAINT.NS,NIFTYMIDCAP150,Consumer Durables,471.8999938964844,48.49124710056189,60.312203944064564,REJECT,46.94555606478771,61.30252100840336,0.15280626742465386,28.0,11.710325894783294,8,0.02479851240206263,0.47199390777790795,False,Price not above 200-day average; 20-day average not above 50-day average; Trend score below 70; Sector score below 45
158,ENRIN,ENRIN.NS,NIFTYNEXT50,Capital Goods,3101.0,48.27808569488796,42.18914620465613,REJECT,45.60452563739191,58.70798319327731,0.20934016579361903,79.0,11.04679756814155,8,0.09032236532731776,1.5841611984600925,False,20-day average not above 50-day average; Trend score below 70
159,POONAWALLA,POONAWALLA.NS,NIFTYSMALLCAP250,Financial Services,447.29998779296875,48.26099761200391,43.175700211400255,REJECT,46.79030135588336,58.80252100840337,0.13989532763754242,30.0,12.442126716178407,7,0.09085368334762449,0.9870754879267055,False,20-day average not above 50-day average; Trend score below 70; Sector score below 45
160,MEDANTA,MEDANTA.NS,NIFTYMIDCAP150,Healthcare,1312.699951171875,48.191026765948074,52.9423768457004,REJECT,43.95921223103943,70.5672268907563,0.30184232189689497,89.0,10.353813127035952,8,0.1403405689771611,0.9372941706952,False,20-day average not above 50-day average; Trend score below 70
161,UNIONBANK,UNIONBANK.NS,NIFTYNEXT50,Financial Services,173.05999755859375,48.138446897092756,48.481110530587536,REJECT,47.12751356722044,56.14495798319328,0.021199185445033075,30.0,10.08179010911876,7,0.061700307591503925,0.8406929702254134,False,20-day average not above 50-day average; Trend score below 70; Sector score below 45
162,PAGEIND,PAGEIND.NS,NIFTYMIDCAP150,Textiles,36875.0,48.08918626259684,56.32806380423926,REJECT,67.54285175121822,59.22268907563025,0.1153123820156704,87.0,8.324985702201856,8,0.041336279734823865,0.45984576601636723,False,20-day average not above 50-day average; Trend score below 70
163,APOLLOHOSP,APOLLOHOSP.NS,NIFTY50,Healthcare,8027.5,47.91656436040477,38.70718578208326,REJECT,26.587652696175805,56.11344537815126,0.1473843753662566,89.0,10.430247595437294,8,0.1149881483931426,2.3509402912978388,False,Price not above 200-day average; 20-day average not above 50-day average; Trend score below 70
164,AXISBANK,AXISBANK.NS,NIFTY50,Financial Services,1259.0999755859375,47.87842900731414,52.46614608135724,REJECT,33.522792066757745,51.16596638655462,0.0068338833330270354,30.0,8.600974384591295,7,-7.940872592335186e-05,0.8679878773073986,False,Price not above 200-day average; 50-day average not above 200-day average; 20-day average not above 50-day average; Momentum score below 55; Trend score below 70; Sector score below 45
165,BSOFT,BSOFT.NS,NIFTYSMALLCAP250,Information Technology,285.29998779296875,47.813664815432915,38.55931478920049,REJECT,30.567627497321148,30.147058823529417,-0.15714843914931886,63.5,7.76964972082591,8,0.057949539233452065,1.9287251691591139,False,Price not above 200-day average; 50-day average not above 200-day average; 20-day average not above 50-day average; 6-month relative strength versus Nifty is not positive; Momentum score below 55; Trend score below 70
166,LODHA,LODHA.NS,NIFTYMIDCAP150,Realty,1064.800048828125,47.53047754712054,48.16406444323993,REJECT,42.12453050708841,63.35084033613445,0.43349124109581194,29.0,13.903943429832118,8,0.12239346742253068,0.5427805731530448,False,20-day average not above 50-day average; Trend score below 70; Sector score below 45
167,SRF,SRF.NS,NIFTYMIDCAP150,Chemicals,2519.5,47.42740498689053,47.74786963488308,REJECT,31.482352028726087,53.42436974789916,0.09816989395852416,52.0,13.45542967283528,8,0.01961162078639143,0.7444289615191089,False,Price not above 200-day average; 50-day average not above 200-day average; 20-day average not above 50-day average; Momentum score below 55; Trend score below 70
168,BOSCHLTD,BOSCHLTD.NS,NIFTYNEXT50,Automobile and Auto Components,43545.0,47.4178328546034,53.244626293466034,REJECT,62.79200604143272,72.37394957983193,0.28128967615762235,57.0,7.812357265328007,7,0.11313645621181263,1.1678472693130248,False,Trend score below 70
169,DRREDDY,DRREDDY.NS,NIFTY50,Healthcare,1197.0,47.33807907353409,52.08007882905945,REJECT,51.004109134628365,56.995798319327726,0.0726160877038563,89.0,4.71970573938157,9,0.04454026712428741,0.6467546658267292,False,Price not above 200-day average; 50-day average not above 200-day average; Trend score below 70
170,GVT&D,GVT&D.NS,NIFTYMIDCAP150,Capital Goods,4194.39990234375,47.262271197131604,48.25191766614019,REJECT,47.933502708555054,60.15756302521008,0.19031445763537336,79.0,11.244529716205395,8,0.13069432075777201,0.9772297390424953,False,20-day average not above 50-day average; Trend score below 70
171,ABB,ABB.NS,NIFTYNEXT50,Capital Goods,6780.0,47.241351414830284,46.785324800791784,REJECT,44.34326271103588,61.90126050420168,0.11072519559535465,79.0,7.8000866942519425,9,0.09358288770053476,1.7837688518472514,False,20-day average not above 50-day average; Trend score below 70
172,PCBL,PCBL.NS,NIFTYSMALLCAP250,Chemicals,312.3999938964844,47.22997365529181,47.24333701817527,REJECT,64.7625950368482,66.14495798319328,0.23577978589844417,52.0,10.125919597008728,8,0.12247192725706636,0.632623969758164,False,Trend score below 70
173,IKS,IKS.NS,NIFTYSMALLCAP250,Information Technology,1716.5999755859375,47.137233062037396,44.824646364912006,REJECT,47.149359877008926,65.8298319327731,0.23794236174520533,63.5,11.646625885693144,8,0.12862945401729062,0.5529723187398415,False,20-day average not above 50-day average; Trend score below 70
174,ANTHEM,ANTHEM.NS,NIFTYMIDCAP150,Healthcare,862.2999877929688,47.08668552302725,61.511418174904385,REJECT,65.41401258292024,75.82983193277312,0.31324288179547166,89.0,4.523042818218687,8,0.11789678424548078,0.24905116162582458,False,Trend score below 70
175,SIEMENS,SIEMENS.NS,NIFTYNEXT50,Capital Goods,3595.0,47.064328460013414,47.80097585503893,REJECT,44.00845641625318,66.60714285714286,0.18136881700258034,79.0,10.242263166318468,8,0.101923557332001,1.41956624387058,False,20-day average not above 50-day average; Trend score below 70
176,DEVYANI,DEVYANI.NS,NIFTYSMALLCAP250,Consumer Services,123.58999633789062,46.886527661968316,46.39556888183887,REJECT,43.13043747925511,61.32352941176471,0.22748767447382423,49.5,10.443317601851426,6,0.1499999895056467,1.3282970649945025,False,20-day average not above 50-day average; Trend score below 70
177,LTFOODS,LTFOODS.NS,NIFTYSMALLCAP250,Fast Moving Consumer Goods,408.04998779296875,46.76068607090093,47.7754483030382,REJECT,46.940754855916765,54.14915966386555,0.06257086986902471,62.0,10.67013344970838,8,0.10791831420222345,0.7373176715598992,False,20-day average not above 50-day average; Momentum score below 55; Trend score below 70
178,OIL,OIL.NS,NIFTYMIDCAP150,Oil Gas & Consumable Fuels,443.5,46.68926874317417,42.810471480371724,REJECT,28.265198548789627,51.94327731092437,0.029856599499470837,74.5,13.557251324378711,8,0.137914297839454,0.3055261275778178,False,Price not above 200-day average; 20-day average not above 50-day average; Momentum score below 55; Trend score below 70
179,POLYMED,POLYMED.NS,NIFTYSMALLCAP250,Healthcare,1587.0999755859375,46.55303201190612,47.35096854660149,REJECT,44.23130649113938,56.207983193277315,0.16564742666405208,89.0,11.639796725482562,8,0.10434538623818425,0.8600276065007342,False,20-day average not above 50-day average; Trend score below 70
180,KALYANKJIL,KALYANKJIL.NS,NIFTYMIDCAP150,Consumer Durables,554.0,46.26658824354817,58.38732161135131,REJECT,45.442557039051806,77.40546218487395,0.31002489648035436,28.0,11.696191787540053,8,0.10331182684200595,0.5510629982228056,False,20-day average not above 50-day average; Trend score below 70; Sector score below 45
181,CGPOWER,CGPOWER.NS,NIFTYNEXT50,Capital Goods,855.5499877929688,45.98050015513515,51.73944410657486,REJECT,47.72027524139656,67.60504201680672,0.23950108296265438,79.0,7.6977783356208285,8,0.08104190355212809,1.0359824355147758,False,20-day average not above 50-day average; Trend score below 70
182,ALKEM,ALKEM.NS,NIFTYMIDCAP150,Healthcare,5279.0,45.94412489292672,49.47252883316662,REJECT,31.38886474040047,54.380252100840345,0.0696357928246355,89.0,8.549433475522827,8,0.03429982621421385,0.5574749126424964,False,Price not above 200-day average; 50-day average not above 200-day average; 20-day average not above 50-day average; Momentum score below 55; Trend score below 70
183,KEI,KEI.NS,NIFTYMIDCAP150,Capital Goods,4585.0,45.74983720265775,54.26005959689614,REJECT,42.69056517675839,53.21428571428571,0.07880553956969816,79.0,9.491254039679204,8,0.03676470588235294,0.4430608081130361,False,Price not above 200-day average; 20-day average not above 50-day average; Momentum score below 55; Trend score below 70
184,CLEAN,CLEAN.NS,NIFTYSMALLCAP250,Chemicals,794.4000244140625,45.71420576478675,47.647381405660425,REJECT,65.81751979254494,59.138655462184865,0.15212718090508714,52.0,9.370617446918565,8,0.08987793248113704,0.4798767761333878,False,Trend score below 70
185,AWL,AWL.NS,NIFTYSMALLCAP250,Fast Moving Consumer Goods,182.17999267578125,45.62382292078218,46.35262912726593,REJECT,12.438880036182479,50.29411764705883,0.08474059947007373,62.0,12.922807164904164,8,0.03776479737032709,0.6810949013410168,False,Price not above 200-day average; 50-day average not above 200-day average; 20-day average not above 50-day average; Momentum score below 55; Trend score below 70
186,BHARTIHEXA,BHARTIHEXA.NS,NIFTYMIDCAP150,Telecommunication,1531.9000244140625,45.0721564181376,47.124556551902785,REJECT,32.659979998957176,54.89495798319327,0.07017649862153286,97.0,8.502441925140483,8,0.02264897246844875,0.466688377829669,False,Price not above 200-day average; 50-day average not above 200-day average; 20-day average not above 50-day average; Momentum score below 55; Trend score below 70
187,ABSLAMC,ABSLAMC.NS,NIFTYSMALLCAP250,Financial Services,1004.0499877929688,44.97407719776315,46.83048505673531,REJECT,65.9026389566963,59.338235294117645,0.11844555550475577,30.0,6.941955998170181,8,0.10103861953114028,0.6195895388395718,False,Trend score below 70; Sector score below 45
188,BHARTIARTL,BHARTIARTL.NS,NIFTY50,Telecommunication,1805.0999755859375,44.85484527819686,48.907038647433346,REJECT,12.218041503082263,52.121848739495796,0.04339732944126795,97.0,11.021605668521765,9,0.0465853646899654,0.5349327934523592,False,Price not above 200-day average; 50-day average not above 200-day average; 20-day average not above 50-day average; Momentum score below 55; Trend score below 70
189,EMBASSY,EMBASSY.NS,NIFTYMIDCAP150,Realty,430.92999267578125,44.43259579927259,57.79257764127893,REJECT,48.83055353136707,57.83613445378151,0.07638641867911178,29.0,10.0,4,0.035087356053690434,0.4504589239463497,False,20-day average not above 50-day average; Trend score below 70; Sector score below 45
190,360ONE,360ONE.NS,NIFTYMIDCAP150,Financial Services,1048.0,44.337979364599356,52.155647152696815,REJECT,27.24211413095917,59.28571428571428,0.1463272880574319,30.0,9.476968365768327,8,0.0659536541889483,0.2722031870634733,False,Price not above 200-day average; 20-day average not above 50-day average; Trend score below 70; Sector score below 45
191,ICICIGI,ICICIGI.NS,NIFTYMIDCAP150,Financial Services,1690.199951171875,44.031993917814916,45.0239329588787,REJECT,38.102140424817165,49.87394957983193,0.03076309383593212,30.0,6.2837772721749445,8,-0.03782388340253724,1.5736284159667075,True,Price not above 200-day average; 50-day average not above 200-day average; 20-day average not above 50-day average; Momentum score below 55; Trend score below 70; Sector score below 45; Price above calculated buy range; do not chase
192,SHRIRAMFIN,SHRIRAMFIN.NS,NIFTY50,Financial Services,940.4500122070312,43.90198279330724,39.09867298169599,REJECT,24.489930751773688,42.86764705882353,-0.014130256818663312,30.0,11.48904013696751,8,0.09996172817165219,1.0656816218484375,False,Price not above 200-day average; 20-day average not above 50-day average; 6-month relative strength versus Nifty is not positive; Momentum score below 55; Trend score below 70; Sector score below 45
193,BANKINDIA,BANKINDIA.NS,NIFTYMIDCAP150,Financial Services,134.4600067138672,43.87391797133838,36.08714468224393,REJECT,12.124720791665256,47.55252100840336,0.009406045000340924,30.0,10.853899105090273,7,0.057875521554001594,1.2477667688392033,False,Price not above 200-day average; 50-day average not above 200-day average; 20-day average not above 50-day average; Momentum score below 55; Trend score below 70; Sector score below 45
194,FIVESTAR,FIVESTAR.NS,NIFTYSMALLCAP250,Financial Services,502.25,43.721487970448955,45.3668783502176,REJECT,45.9665506493289,67.40546218487394,0.2994446673157328,30.0,6.366502256559078,7,0.09991039426523297,0.5047728916672307,False,20-day average not above 50-day average; Trend score below 70; Sector score below 45
195,UNITDSPR,UNITDSPR.NS,NIFTYMIDCAP150,Fast Moving Consumer Goods,1366.0,43.68777482477362,53.685563037781634,REJECT,45.146859933098554,64.51680672268907,0.16381805420000528,62.0,4.8126159816293175,8,0.052704576976421634,0.9267451403741862,False,20-day average not above 50-day average; Trend score below 70
196,COHANCE,COHANCE.NS,NIFTYSMALLCAP250,Healthcare,441.0,43.49436106406067,48.5148834311303,REJECT,48.847854289083806,70.64075630252101,0.4864231496292132,89.0,7.002733709533185,8,0.08553654743390357,0.391309020282943,False,20-day average not above 50-day average; Trend score below 70
197,DATAPATTNS,DATAPATTNS.NS,NIFTYSMALLCAP250,Capital Goods,4084.800048828125,43.39488098057494,52.09562467219611,REJECT,43.030817496603206,69.93697478991596,0.309320495947612,79.0,8.70828741245451,8,0.18302363475050037,0.6335952286390147,False,20-day average not above 50-day average; Trend score below 70
198,MARICO,MARICO.NS,NIFTYMIDCAP150,Fast Moving Consumer Goods,786.1500244140625,43.34373445360809,48.281118019412276,REJECT,28.54935815441179,59.03361344537815,0.11813013546337559,62.0,12.36248094790767,8,0.056469019567510395,0.5787260933285421,False,Price not above 200-day average; 20-day average not above 50-day average; Trend score below 70
199,AUBANK,AUBANK.NS,NIFTYMIDCAP150,Financial Services,982.0,43.33830887651333,39.78727011344534,REJECT,27.222998694824163,53.24579831932773,0.07720217539576268,30.0,12.218520986009327,6,0.08896931277665844,0.7890548051391156,False,Price not above 200-day average; 20-day average not above 50-day average; Momentum score below 55; Trend score below 70; Sector score below 45
200,HCLTECH,HCLTECH.NS,NIFTY50,Information Technology,1216.699951171875,43.05018572002138,38.802779394260206,REJECT,10.720351433216683,39.10714285714286,-0.08106147517957862,63.5,11.238195056454646,9,0.05682174327761628,1.0589552825987791,False,Price not above 200-day average; 50-day average not above 200-day average; 20-day average not above 50-day average; 6-month relative strength versus Nifty is not positive; Momentum score below 55; Trend score below 70
201,DIXON,DIXON.NS,NIFTYMIDCAP150,Consumer Durables,12774.0,43.03358771493396,49.65283051810383,REJECT,44.097680081240746,60.47268907563024,0.26348398157289943,28.0,13.672173554100182,8,0.10420920260802581,0.526506225833955,False,20-day average not above 50-day average; Trend score below 70; Sector score below 45
202,IDBI,IDBI.NS,NIFTYSMALLCAP250,Financial Services,83.08999633789062,42.93762654696558,51.318962017687575,REJECT,13.276478121602613,67.69957983193278,0.19094483858813904,30.0,6.993774271714219,7,0.06144812511483303,0.5262889712063421,False,Price not above 200-day average; 50-day average not above 200-day average; 20-day average not above 50-day average; Trend score below 70; Sector score below 45
203,MGL,MGL.NS,NIFTYSMALLCAP250,Oil Gas & Consumable Fuels,1042.800048828125,42.84697027367561,49.089309185395706,REJECT,29.41757707371719,53.28781512605042,0.11225437943067951,74.5,5.129207573721225,8,0.06223017191715378,1.0683070635722276,False,Price not above 200-day average; 20-day average not above 50-day average; Momentum score below 55; Trend score below 70
204,NTPCGREEN,NTPCGREEN.NS,NIFTYMIDCAP150,Power,92.5999984741211,42.658146714793126,44.467121824252196,REJECT,34.086893119225614,52.26890756302521,0.014513338411124677,16.5,11.695376357218613,8,0.035215719572782536,1.270772176065804,False,Price not above 200-day average; 50-day average not above 200-day average; 20-day average not above 50-day average; Momentum score below 55; Trend score below 70; Sector score below 45
205,OBEROIRLTY,OBEROIRLTY.NS,NIFTYMIDCAP150,Realty,1698.800048828125,42.64331321520099,41.35319459417685,REJECT,45.10948516550528,51.48109243697479,0.10246676149005662,29.0,13.377863691765711,8,0.09777469499116256,0.7928487532538981,False,20-day average not above 50-day average; Momentum score below 55; Trend score below 70; Sector score below 45
206,BIRET,BIRET.NS,NIFTYSMALLCAP250,Realty,325.3299865722656,42.632678076652816,48.21754096570794,REJECT,29.528640754086922,54.14915966386554,0.06365835309144285,29.0,10.0,4,0.05146079610676223,0.2618310788103595,False,Price not above 200-day average; 20-day average not above 50-day average; Momentum score below 55; Trend score below 70; Sector score below 45
207,BAJAJ-AUTO,BAJAJ-AUTO.NS,NIFTY50,Automobile and Auto Components,9778.0,42.60234530515314,34.676469859030604,REJECT,21.57640003674235,56.491596638655466,0.1202255986877262,57.0,13.100922302829773,8,0.17804303967720242,0.8433907589523199,False,Price not above 200-day average; 20-day average not above 50-day average; Trend score below 70
208,APOLLOTYRE,APOLLOTYRE.NS,NIFTYSMALLCAP250,Automobile and Auto Components,400.04998779296875,42.41476789185807,37.411309679540786,REJECT,10.659541260198008,38.89705882352941,-0.01587411032133612,57.0,12.73433820631854,8,0.0686765238932289,0.3047510143178297,False,Price not above 200-day average; 50-day average not above 200-day average; 20-day average not above 50-day average; 6-month relative strength versus Nifty is not positive; Momentum score below 55; Trend score below 70
209,GMRAIRPORT,GMRAIRPORT.NS,NIFTYMIDCAP150,Services,92.30999755859375,42.203408735097014,28.89571321859686,REJECT,10.129424757001212,40.69327731092437,0.02491310691573778,77.0,10.685654008438819,6,0.08856636383112522,3.678712778545283,False,Price not above 200-day average; 50-day average not above 200-day average; 20-day average not above 50-day average; Momentum score below 55; Trend score below 70
210,J&KBANK,J&KBANK.NS,NIFTYSMALLCAP250,Financial Services,138.22999572753906,42.17988972634983,42.7424397919338,REJECT,44.75150252730396,54.74789915966386,0.18181334927585235,30.0,5.789438615073316,7,0.08195530979890464,0.9377967464909323,False,20-day average not above 50-day average; Momentum score below 55; Trend score below 70; Sector score below 45
211,ITC,ITC.NS,NIFTY50,Fast Moving Consumer Goods,266.0,42.147378238983656,40.22393655623567,REJECT,31.524634553435448,37.52100840336134,-0.03501146656356835,62.0,3.9796450556627136,8,0.018631204650066215,1.611659494791416,False,Price not above 200-day average; 50-day average not above 200-day average; 20-day average not above 50-day average; 6-month relative strength versus Nifty is not positive; Momentum score below 55; Trend score below 70
212,EICHERMOT,EICHERMOT.NS,NIFTY50,Automobile and Auto Components,7050.0,41.92924099872152,39.164715595772236,REJECT,26.235348010706062,50.9873949579832,0.06053835822816944,57.0,9.965536109640992,8,0.09435416532853748,1.4905577852725111,False,Price not above 200-day average; 20-day average not above 50-day average; Momentum score below 55; Trend score below 70
213,DLF,DLF.NS,NIFTYNEXT50,Realty,648.5999755859375,41.864328517514075,59.652918830120726,REJECT,48.37630941628049,63.77100840336135,0.20799298150488432,29.0,4.370446096476944,9,0.051199533718532204,0.4166437518499094,False,20-day average not above 50-day average; Trend score below 70; Sector score below 45
214,JUBLINGREA,JUBLINGREA.NS,NIFTYSMALLCAP250,Chemicals,625.7999877929688,41.82197441843997,33.00520557965265,REJECT,26.009858642791762,44.065126050420176,0.0581429076188924,52.0,12.861046785773818,8,0.08051717566664723,0.9620828754551741,False,Price not above 200-day average; 20-day average not above 50-day average; Momentum score below 55; Trend score below 70
215,CCL,CCL.NS,NIFTYSMALLCAP250,Fast Moving Consumer Goods,1051.5,41.739809739709884,44.19586644516296,REJECT,29.781276703703647,42.09033613445378,0.0003170917364859749,62.0,10.528281344949107,8,0.06946902654867257,0.48615865675444725,False,Price not above 200-day average; 20-day average not above 50-day average; Momentum score below 55; Trend score below 70
216,NAM-INDIA,NAM-INDIA.NS,NIFTYMIDCAP150,Financial Services,1045.0,41.7230234230247,46.969366227484414,REJECT,42.44643572738873,58.07773109243698,0.23117373945566178,30.0,9.926857824648325,8,0.12508374192921987,0.2969967282027808,False,20-day average not above 50-day average; Trend score below 70; Sector score below 45
217,BAJFINANCE,BAJFINANCE.NS,NIFTY50,Financial Services,960.0,41.42205834289182,37.969375609137074,REJECT,25.90498049366198,54.695378151260506,0.11711650453953049,30.0,9.447324586861653,7,0.09442503338480913,1.0768772671867908,False,Price not above 200-day average; 20-day average not above 50-day average; Momentum score below 55; Trend score below 70; Sector score below 45
218,IGIL,IGIL.NS,NIFTYSMALLCAP250,Services,309.04998779296875,41.41188721226742,35.02487109251587,REJECT,9.645632549054767,39.3172268907563,-0.010068034170246376,77.0,13.31449309893016,8,0.08538030963194933,0.6992683339212883,False,Price not above 200-day average; 50-day average not above 200-day average; 20-day average not above 50-day average; 6-month relative strength versus Nifty is not positive; Momentum score below 55; Trend score below 70
219,IGL,IGL.NS,NIFTYSMALLCAP250,Oil Gas & Consumable Fuels,146.14999389648438,41.39603757052067,38.96778374491483,REJECT,31.523516405511707,42.95168067226891,0.017468881064010455,74.5,6.873774146497386,8,0.04820346945899851,1.3268324980432387,False,Price not above 200-day average; 50-day average not above 200-day average; 20-day average not above 50-day average; Momentum score below 55; Trend score below 70
220,LTTS,LTTS.NS,NIFTYMIDCAP150,Information Technology,3270.10009765625,41.386233590565766,40.38542303794718,REJECT,29.017230902120037,49.39075630252101,0.04086624301980146,63.5,9.643197713249656,8,0.04966576644689044,1.0392642182919696,False,Price not above 200-day average; 50-day average not above 200-day average; 20-day average not above 50-day average; Momentum score below 55; Trend score below 70
221,BPCL,BPCL.NS,NIFTYNEXT50,Oil Gas & Consumable Fuels,287.79998779296875,41.36056537583966,37.133966681717844,REJECT,9.23414592516622,45.367647058823536,0.02699208837542677,74.5,11.325785973107273,7,0.09553747092342428,0.4886959064755069,False,Price not above 200-day average; 50-day average not above 200-day average; 20-day average not above 50-day average; Momentum score below 55; Trend score below 70
222,THANGAMAYL,THANGAMAYL.NS,NIFTYSMALLCAP250,Consumer Durables,4889.5,41.30741062043262,43.356809632618564,REJECT,45.60407474942108,61.18697478991597,0.2759835041587867,28.0,13.608830398872882,8,0.08879985091315691,0.4571822627403516,False,20-day average not above 50-day average; Trend score below 70; Sector score below 45
223,SCHNEIDER,SCHNEIDER.NS,NIFTYSMALLCAP250,Capital Goods,1176.9000244140625,41.258604962863856,50.00416733224341,REJECT,45.588406924671176,64.96848739495798,0.27010873995421225,79.0,5.411845647958749,8,0.10759783072510022,0.7142213577966843,False,20-day average not above 50-day average; Trend score below 70
224,ASTRAL,ASTRAL.NS,NIFTYMIDCAP150,Capital Goods,1409.800048828125,41.2571905068846,39.98363088566666,REJECT,30.179815553271865,49.08613445378151,-0.012846146913851442,79.0,13.189231592130618,8,0.06449897224411082,0.327287271005628,False,Price not above 200-day average; 50-day average not above 200-day average; 20-day average not above 50-day average; 6-month relative strength versus Nifty is not positive; Momentum score below 55; Trend score below 70
225,BLUESTARCO,BLUESTARCO.NS,NIFTYMIDCAP150,Consumer Durables,1574.0,40.97604961284437,50.221017154400045,REJECT,52.174673691158844,51.029411764705884,0.03827599134259918,28.0,8.587259407641062,8,0.012237213680577345,0.8117749691150169,False,Price not above 200-day average; 50-day average not above 200-day average; Momentum score below 55; Trend score below 70; Sector score below 45
226,TRITURBINE,TRITURBINE.NS,NIFTYSMALLCAP250,Capital Goods,511.1000061035156,40.955702735381045,38.70841887132036,REJECT,24.333806912167603,49.91596638655462,0.1650905114389013,79.0,6.515903332610389,8,0.12422887682548567,1.8503224705449717,False,Price not above 200-day average; 20-day average not above 50-day average; Momentum score below 55; Trend score below 70
227,TITAGARH,TITAGARH.NS,NIFTYSMALLCAP250,Capital Goods,777.2000122070312,40.76011406986311,41.56498716387574,REJECT,27.387904894448383,53.67647058823529,0.15959275193065137,79.0,11.559309766330333,8,0.13999551177800496,0.44003491519835214,False,Price not above 200-day average; 20-day average not above 50-day average; Momentum score below 55; Trend score below 70
228,LEMONTREE,LEMONTREE.NS,NIFTYSMALLCAP250,Consumer Services,110.43000030517578,40.701666663732034,42.88876350617305,REJECT,34.33166426055115,45.189075630252105,0.03133440361468276,49.5,7.858396224840236,8,0.027476905880485857,0.46509943102299056,False,Price not above 200-day average; 50-day average not above 200-day average; 20-day average not above 50-day average; Momentum score below 55; Trend score below 70
229,DABUR,DABUR.NS,NIFTYMIDCAP150,Fast Moving Consumer Goods,386.70001220703125,40.63332085105478,40.0025510286451,REJECT,31.36718734506345,36.77521008403361,-0.02162299694641856,62.0,10.383259564106911,8,0.022126690428369702,0.38452259973597364,False,Price not above 200-day average; 50-day average not above 200-day average; 20-day average not above 50-day average; 6-month relative strength versus Nifty is not positive; Momentum score below 55; Trend score below 70
230,ADANIGREEN,ADANIGREEN.NS,NIFTYNEXT50,Power,1255.800048828125,40.49679141761589,45.445870690331354,REJECT,46.92703515554218,64.1701680672269,0.28118207227874825,16.5,7.565015089804778,8,0.08854695578198445,1.253871400096187,False,20-day average not above 50-day average; Trend score below 70; Sector score below 45
231,CREDITACC,CREDITACC.NS,NIFTYSMALLCAP250,Financial Services,1267.5,40.39747971318661,34.74487343504337,REJECT,24.20091349290994,41.260504201680675,0.08752777964972724,30.0,13.363008609414983,8,0.11856745479833102,0.8561175082043494,False,Price not above 200-day average; 20-day average not above 50-day average; Momentum score below 55; Trend score below 70; Sector score below 45
232,HDFCLIFE,HDFCLIFE.NS,NIFTY50,Financial Services,556.6500244140625,40.39405370228386,43.55455006509564,REJECT,34.76413889572768,44.82142857142857,-0.004753465818935765,30.0,8.543868873458507,9,0.01894606897682321,0.545836474692167,False,Price not above 200-day average; 50-day average not above 200-day average; 20-day average not above 50-day average; 6-month relative strength versus Nifty is not positive; Momentum score below 55; Trend score below 70; Sector score below 45
233,M&MFIN,M&MFIN.NS,NIFTYMIDCAP150,Financial Services,319.45001220703125,40.280514438799635,35.51607742155718,REJECT,22.603924056253053,59.96848739495799,0.16244511155762364,30.0,10.934043321861004,7,0.14585558233414103,0.7852652384890143,False,Price not above 200-day average; 20-day average not above 50-day average; Trend score below 70; Sector score below 45
234,SUPREMEIND,SUPREMEIND.NS,NIFTYMIDCAP150,Capital Goods,3474.800048828125,40.23240962363009,41.15210624920469,REJECT,31.891676264695267,45.91386554621849,-0.014626758834524911,79.0,7.9827327708260745,8,0.04322925213095343,1.1423332789355962,False,Price not above 200-day average; 50-day average not above 200-day average; 20-day average not above 50-day average; 6-month relative strength versus Nifty is not positive; Momentum score below 55; Trend score below 70
235,IFCI,IFCI.NS,NIFTYSMALLCAP250,Financial Services,67.3499984741211,40.218974029189454,43.62687132938241,REJECT,38.530604689269275,60.609243697478995,0.2781266417619793,30.0,6.989778044815171,7,0.280141083458859,0.9778635205819315,False,20-day average not above 50-day average; Trend score below 70; Sector score below 45
236,SBIN,SBIN.NS,NIFTY50,Financial Services,959.0999755859375,40.215034826034874,43.001445123084835,REJECT,10.602821027140704,43.75,-0.018593364255958367,30.0,7.842581747980612,7,0.05246002369167418,0.7015067605198649,False,Price not above 200-day average; 50-day average not above 200-day average; 20-day average not above 50-day average; 6-month relative strength versus Nifty is not positive; Momentum score below 55; Trend score below 70; Sector score below 45
237,RHIM,RHIM.NS,NIFTYSMALLCAP250,Capital Goods,369.1000061035156,40.21415243063361,29.83135484539575,REJECT,12.911413569951025,42.47899159663866,0.023742455141506746,79.0,11.89252417770148,6,0.0795511069737765,0.22544495484120586,False,Price not above 200-day average; 50-day average not above 200-day average; 20-day average not above 50-day average; Momentum score below 55; Trend score below 70
238,ADANIPOWER,ADANIPOWER.NS,NIFTYNEXT50,Power,189.0,40.21219357139141,38.15637873534572,REJECT,43.99791683566668,57.27941176470587,0.17783988142906992,16.5,12.050875495039888,8,0.12540492983852233,0.9417270641272867,False,20-day average not above 50-day average; Trend score below 70; Sector score below 45
239,COLPAL,COLPAL.NS,NIFTYMIDCAP150,Fast Moving Consumer Goods,1817.800048828125,40.117546308310764,34.655736418137224,REJECT,12.24657646690115,43.01470588235294,0.02600627004597067,62.0,6.279043643084467,8,0.052143079285614354,6.1939136006243745,False,Price not above 200-day average; 50-day average not above 200-day average; 20-day average not above 50-day average; Momentum score below 55; Trend score below 70
240,ONESOURCE,ONESOURCE.NS,NIFTYSMALLCAP250,Healthcare,1461.300048828125,39.97076732120447,32.0389994078568,REJECT,28.012928785943423,50.96638655462185,0.14922577824267058,89.0,12.525734552060207,5,0.11837101126508295,0.6692696590760959,False,Price not above 200-day average; 50-day average not above 200-day average; Momentum score below 55; Trend score below 70
241,ABBOTINDIA,ABBOTINDIA.NS,NIFTYMIDCAP150,Healthcare,26000.0,39.70230201087365,46.46855266130248,REJECT,30.632359776549457,58.20378151260505,0.0908829379852093,89.0,6.017942084366587,8,0.06642728904847396,0.3918784283636614,False,Price not above 200-day average; 20-day average not above 50-day average; Trend score below 70
242,TARIL,TARIL.NS,NIFTYSMALLCAP250,Capital Goods,290.6499938964844,39.62669653467304,38.91809782409266,REJECT,32.402340577233126,42.36344537815126,0.09498479139782556,79.0,7.695622009039521,8,0.031901855420816416,0.5082870858419496,False,Price not above 200-day average; 50-day average not above 200-day average; 20-day average not above 50-day average; Momentum score below 55; Trend score below 70
243,TATACOMM,TATACOMM.NS,NIFTYMIDCAP150,Telecommunication,1656.699951171875,39.46427210257397,40.74181521587061,REJECT,29.864741637482027,60.57773109243698,0.19988338967956276,97.0,4.815890404493249,8,0.09544092210107835,1.250390217253456,False,Price not above 200-day average; 20-day average not above 50-day average; Trend score below 70
244,GLAXO,GLAXO.NS,NIFTYMIDCAP150,Healthcare,2540.300048828125,39.410883332890805,40.50433545951263,REJECT,42.76509647089703,61.14495798319328,0.1680152479482303,89.0,8.230389901499755,8,0.14954802516634583,0.5372764704583045,False,20-day average not above 50-day average; Trend score below 70
245,BANKBARODA,BANKBARODA.NS,NIFTYNEXT50,Financial Services,235.8000030517578,39.33368611600881,42.18124738581531,REJECT,31.35203792127959,39.716386554621856,-0.056410922262003615,30.0,6.108938039119669,7,0.01528440474188554,0.5511040403825509,False,Price not above 200-day average; 50-day average not above 200-day average; 20-day average not above 50-day average; 6-month relative strength versus Nifty is not positive; Momentum score below 55; Trend score below 70; Sector score below 45
246,HINDZINC,HINDZINC.NS,NIFTYNEXT50,Metals & Mining,543.5,39.27807993731435,39.81284166774121,REJECT,10.299292987810974,54.51680672268907,0.050961035305161606,19.0,14.549110525526203,8,0.11032905830820425,0.5660545164172649,False,Price not above 200-day average; 50-day average not above 200-day average; 20-day average not above 50-day average; Momentum score below 55; Trend score below 70; Sector score below 45
247,KIRLOSBROS,KIRLOSBROS.NS,NIFTYSMALLCAP250,Capital Goods,1690.0999755859375,39.162125065759376,32.121773763169806,REJECT,26.03337000081605,51.99579831932773,0.1718372882852498,79.0,9.891113906631325,8,0.12705955431126487,0.5018709690809722,False,Price not above 200-day average; 20-day average not above 50-day average; Momentum score below 55; Trend score below 70
248,WIPRO,WIPRO.NS,NIFTYNEXT50,Information Technology,162.57000732421875,39.12768098710603,32.00564255113583,REJECT,10.062732577715757,23.88655462184874,-0.13014438465654665,63.5,8.65287375039269,9,0.062186319006297695,1.0923298359127622,False,Price not above 200-day average; 50-day average not above 200-day average; 20-day average not above 50-day average; 6-month relative strength versus Nifty is not positive; Momentum score below 55; Trend score below 70
249,INFY,INFY.NS,NIFTY50,Information Technology,1023.4000244140625,39.10479608641488,30.725180085372042,REJECT,10.111605128946007,23.32983193277311,-0.16179114260920535,63.5,11.3057024494506,9,0.06768691815872989,1.3518619884814427,False,Price not above 200-day average; 50-day average not above 200-day average; 20-day average not above 50-day average; 6-month relative strength versus Nifty is not positive; Momentum score below 55; Trend score below 70
250,CUMMINSIND,CUMMINSIND.NS,NIFTYNEXT50,Capital Goods,4830.0,38.82809455952797,39.07136616680458,REJECT,27.980585954026065,51.48109243697479,0.0769231577763071,79.0,8.846346006693105,8,0.07771624976131374,0.9494928921845841,False,Price not above 200-day average; 20-day average not above 50-day average; Momentum score below 55; Trend score below 70
251,LICI,LICI.NS,NIFTYMIDCAP150,Financial Services,394.25,38.73931758919792,38.71670316083835,REJECT,12.80567001526741,47.76260504201681,0.07828032392220508,30.0,9.583511567816608,8,0.05636665505274837,0.7817901245118453,False,Price not above 200-day average; 50-day average not above 200-day average; 20-day average not above 50-day average; Momentum score below 55; Trend score below 70; Sector score below 45
252,VTL,VTL.NS,NIFTYSMALLCAP250,Textiles,528.2000122070312,38.47887829350942,28.76325857552267,REJECT,26.282019761537903,42.46848739495798,0.027680752372597484,87.0,11.858371723440962,8,0.11464962483736063,0.33410914368457556,False,Price not above 200-day average; 20-day average not above 50-day average; Momentum score below 55; Trend score below 70
253,VEDL,VEDL.NS,NIFTYNEXT50,Metals & Mining,264.0,38.46145011537,36.38323022113284,REJECT,31.2408096177561,20.955882352941174,-0.5725006122590748,19.0,9.11969403118861,8,0.04261106074342702,1.3657042957412384,False,Price not above 200-day average; 50-day average not above 200-day average; 20-day average not above 50-day average; 6-month relative strength versus Nifty is not positive; Momentum score below 55; Trend score below 70; Sector score below 45
254,MRF,MRF.NS,NIFTYMIDCAP150,Automobile and Auto Components,122090.0,38.38974558286357,40.024113696962175,REJECT,10.77728641889812,36.95378151260504,-0.019229061235592426,57.0,8.810510565832544,8,0.05794753086419753,0.8571664601404378,False,Price not above 200-day average; 50-day average not above 200-day average; 20-day average not above 50-day average; 6-month relative strength versus Nifty is not positive; Momentum score below 55; Trend score below 70
255,PHOENIXLTD,PHOENIXLTD.NS,NIFTYMIDCAP150,Realty,1813.0999755859375,38.370080433149624,37.246405495900866,REJECT,28.735790489907338,55.09453781512605,0.12131983288986292,29.0,9.894216335830695,8,0.10930438331134017,1.4499268960308174,False,Price not above 200-day average; 20-day average not above 50-day average; Trend score below 70; Sector score below 45
256,IOB,IOB.NS,NIFTYMIDCAP150,Financial Services,30.579999923706055,38.17127488041087,24.071304832425003,REJECT,9.964953906842538,27.930672268907557,-0.05027678355479992,30.0,13.701214958872555,7,0.08525277760851462,0.7649632103338604,False,Price not above 200-day average; 50-day average not above 200-day average; 20-day average not above 50-day average; 6-month relative strength versus Nifty is not positive; Momentum score below 55; Trend score below 70; Sector score below 45
257,PIDILITIND,PIDILITIND.NS,NIFTYNEXT50,Chemicals,1482.0,38.10358369943297,45.59790182839856,REJECT,26.935440475443833,60.09453781512606,0.16314670042540602,52.0,8.857783612879123,8,0.07311277917886205,0.47522131562185616,False,Price not above 200-day average; 20-day average not above 50-day average; Trend score below 70
258,HINDALCO,HINDALCO.NS,NIFTY50,Metals & Mining,900.3499755859375,38.07272738553269,30.630669835991196,REJECT,24.76628253026641,45.06302521008403,0.012423561278305795,19.0,12.581976645327796,8,0.12790589471660452,0.8800075094054611,False,Price not above 200-day average; 20-day average not above 50-day average; Momentum score below 55; Trend score below 70; Sector score below 45
259,EIHOTEL,EIHOTEL.NS,NIFTYSMALLCAP250,Consumer Services,291.29998779296875,37.85300008783569,36.14909025279079,REJECT,12.584508588777053,40.32563025210084,0.013779511942308642,49.5,9.418051957966421,8,0.09294724169646759,0.31774422486753623,False,Price not above 200-day average; 50-day average not above 200-day average; 20-day average not above 50-day average; Momentum score below 55; Trend score below 70
260,ANANTRAJ,ANANTRAJ.NS,NIFTYSMALLCAP250,Realty,570.75,37.8369796889763,42.18265666571111,REJECT,45.01235637647125,61.8172268907563,0.23979614785112935,29.0,9.601170170553713,8,0.10259433962264151,0.8940665878181773,False,20-day average not above 50-day average; Trend score below 70; Sector score below 45
261,CHOLAFIN,CHOLAFIN.NS,NIFTYNEXT50,Financial Services,1587.5999755859375,37.777931178356326,29.807902411152874,REJECT,23.46593054452898,44.54831932773109,0.0833698765780223,30.0,10.21886427502658,7,0.15019804245788795,0.9697454086744545,False,Price not above 200-day average; 20-day average not above 50-day average; Momentum score below 55; Trend score below 70; Sector score below 45
262,YESBANK,YESBANK.NS,NIFTYMIDCAP150,Financial Services,20.5,37.77077082735975,32.58729221252979,REJECT,26.13443902947045,49.32773109243698,0.13822493329295582,30.0,7.009144345843997,7,0.14937760682517393,0.5743109788427058,False,Price not above 200-day average; 20-day average not above 50-day average; Momentum score below 55; Trend score below 70; Sector score below 45
263,CIPLA,CIPLA.NS,NIFTY50,Healthcare,1301.0,37.65330017140252,39.053318971240316,REJECT,26.857292839721616,53.20378151260504,0.1415717750919553,89.0,4.556744009050474,8,0.0844475721323012,0.6631798757754648,False,Price not above 200-day average; 20-day average not above 50-day average; Momentum score below 55; Trend score below 70
264,IOC,IOC.NS,NIFTYNEXT50,Oil Gas & Consumable Fuels,126.3499984741211,37.5381975882622,26.237339450342674,REJECT,9.358311341952795,34.80042016806723,-0.04919090496246403,74.5,11.423702219274723,6,0.09296485494566042,0.8425522342581195,False,Price not above 200-day average; 50-day average not above 200-day average; 20-day average not above 50-day average; 6-month relative strength versus Nifty is not positive; Momentum score below 55; Trend score below 70
265,ADANIENT,ADANIENT.NS,NIFTY50,Metals & Mining,2634.39990234375,37.5102395626225,39.79102490335027,REJECT,41.50581721737179,60.79831932773109,0.3510921059161155,19.0,10.86905173822362,7,0.16155318194024507,0.9999658792634636,False,20-day average not above 50-day average; Trend score below 70; Sector score below 45
266,UCOBANK,UCOBANK.NS,NIFTYSMALLCAP250,Financial Services,23.25,37.49872213787648,38.74500789898719,REJECT,10.308561522523442,32.6890756302521,-0.026486682055713362,30.0,9.185550713889219,7,0.0408415751017351,0.8433795144129469,False,Price not above 200-day average; 50-day average not above 200-day average; 20-day average not above 50-day average; 6-month relative strength versus Nifty is not positive; Momentum score below 55; Trend score below 70; Sector score below 45
267,ITCHOTELS,ITCHOTELS.NS,NIFTYMIDCAP150,Consumer Services,154.52000427246094,37.438409934960916,32.240969267725276,REJECT,11.685539002186498,42.0063025210084,0.08519261106226816,49.5,10.06469609324309,8,0.06577986714336084,1.0794017670115095,False,Price not above 200-day average; 50-day average not above 200-day average; 20-day average not above 50-day average; Momentum score below 55; Trend score below 70
268,CANBK,CANBK.NS,NIFTYNEXT50,Financial Services,119.58999633789062,37.380162252220735,32.01262692548542,REJECT,11.361708319056516,38.80252100840336,-0.05092789056239688,30.0,9.155743996755787,6,0.06277431216313846,0.7259145251629883,False,Price not above 200-day average; 50-day average not above 200-day average; 20-day average not above 50-day average; 6-month relative strength versus Nifty is not positive; Momentum score below 55; Trend score below 70; Sector score below 45
269,ZENSARTECH,ZENSARTECH.NS,NIFTYSMALLCAP250,Information Technology,448.54998779296875,37.34820869367816,34.56156525788209,REJECT,30.101173470746062,24.705882352941174,-0.10272527685963351,63.5,6.039766034950652,8,0.06532612315531286,0.43534324865239266,False,Price not above 200-day average; 50-day average not above 200-day average; 20-day average not above 50-day average; 6-month relative strength versus Nifty is not positive; Momentum score below 55; Trend score below 70
270,PREMIERENE,PREMIERENE.NS,NIFTYMIDCAP150,Capital Goods,895.3499755859375,36.986033656552685,25.298603659464835,REJECT,26.368755371975325,30.010504201680668,-0.004771787281989348,79.0,12.186141171696063,8,0.09969836542389392,0.3750097769933678,False,Price not above 200-day average; 20-day average not above 50-day average; 6-month relative strength versus Nifty is not positive; Momentum score below 55; Trend score below 70
271,NIACL,NIACL.NS,NIFTYSMALLCAP250,Financial Services,162.22999572753906,36.965889354270146,39.96743585941128,REJECT,23.727465945677082,56.77521008403362,0.31157238341906546,30.0,8.027426160337553,6,0.22821123652306635,0.47273587497632924,False,Price not above 200-day average; 20-day average not above 50-day average; Trend score below 70; Sector score below 45
272,TITAN,TITAN.NS,NIFTY50,Consumer Durables,4410.0,36.89081964664983,38.645956238014136,REJECT,42.070823253679876,51.491596638655466,0.046401380785760504,28.0,11.161253001118993,8,0.12168890659231228,0.7073260886873397,False,20-day average not above 50-day average; Momentum score below 55; Trend score below 70; Sector score below 45
273,BANDHANBNK,BANDHANBNK.NS,NIFTYSMALLCAP250,Financial Services,157.0,36.816390396066446,22.66487994769868,REJECT,26.11207910501571,34.19117647058823,0.02276353442973955,30.0,11.30866861705723,6,0.18652849740932642,0.7022521994696479,False,Price not above 200-day average; 50-day average not above 200-day average; Momentum score below 55; Trend score below 70; Sector score below 45
274,ATUL,ATUL.NS,NIFTYSMALLCAP250,Chemicals,5882.5,36.75135402631379,31.780914568372697,REJECT,8.991439768844117,42.03781512605042,-0.013047702171477105,52.0,10.778584555263643,8,0.08014073494917905,0.3809987416701267,False,Price not above 200-day average; 50-day average not above 200-day average; 20-day average not above 50-day average; 6-month relative strength versus Nifty is not positive; Momentum score below 55; Trend score below 70
275,LTM,LTM.NS,NIFTYNEXT50,Information Technology,4070.0,36.47055699242429,24.763153675484038,REJECT,9.414255211812476,39.054621848739494,-0.02655125897549815,63.5,13.109351309444193,9,0.10919475431882952,0.8802109404276183,False,Price not above 200-day average; 50-day average not above 200-day average; 20-day average not above 50-day average; 6-month relative strength versus Nifty is not positive; Momentum score below 55; Trend score below 70
276,BALKRISIND,BALKRISIND.NS,NIFTYMIDCAP150,Automobile and Auto Components,2010.300048828125,36.41205013603215,31.140952741033363,REJECT,23.295644836645604,31.502100840336137,-0.030868714228455274,57.0,12.625507043151563,8,0.1244337766428027,0.7212109725053787,False,Price not above 200-day average; 20-day average not above 50-day average; 6-month relative strength versus Nifty is not positive; Momentum score below 55; Trend score below 70
277,TATAELXSI,TATAELXSI.NS,NIFTYSMALLCAP250,Information Technology,3130.0,36.289071724152336,18.03611481050823,REJECT,7.1574354523809145,9.012605042016807,-0.21995246728719453,63.5,11.7934969833257,8,0.11384164846377552,2.230054718950033,False,Price not above 200-day average; 50-day average not above 200-day average; 20-day average not above 50-day average; 6-month relative strength versus Nifty is not positive; Momentum score below 55; Trend score below 70
278,HONAUT,HONAUT.NS,NIFTYSMALLCAP250,Capital Goods,32495.0,36.26949919621633,36.980500448322914,REJECT,25.759094396952506,57.41596638655462,0.2617975590279381,79.0,6.482326683226884,8,0.10936001096340962,0.4909847745352138,False,Price not above 200-day average; 20-day average not above 50-day average; Trend score below 70
279,CDSL,CDSL.NS,NIFTYSMALLCAP250,Financial Services,1260.0,36.03628812787133,38.95509725415137,REJECT,27.859964624160277,40.33613445378151,0.04918871097994604,30.0,10.957675157897114,8,0.09638555798974431,0.6807111374626931,False,Price not above 200-day average; 20-day average not above 50-day average; Momentum score below 55; Trend score below 70; Sector score below 45
280,HOMEFIRST,HOMEFIRST.NS,NIFTYSMALLCAP250,Financial Services,1076.5999755859375,36.03359237320316,27.641980756097414,REJECT,26.20634774890314,41.57563025210084,0.08060528458811322,30.0,10.30684851939518,7,0.1548787542561468,0.39544345914695656,False,Price not above 200-day average; 20-day average not above 50-day average; Momentum score below 55; Trend score below 70; Sector score below 45
281,ASIANPAINT,ASIANPAINT.NS,NIFTY50,Consumer Durables,2339.10009765625,36.03086102873543,40.21499118653225,REJECT,25.896361005079058,50.52521008403361,0.09527823028510018,28.0,12.187789270195033,8,0.06364837027514465,0.41675837634367074,False,Price not above 200-day average; 20-day average not above 50-day average; Momentum score below 55; Trend score below 70; Sector score below 45
282,BIOCON,BIOCON.NS,NIFTYMIDCAP150,Healthcare,349.3999938964844,36.004745903503505,27.892628279421345,REJECT,22.751227893449478,40.57773109243698,0.06159532360003095,89.0,11.19248249783012,8,0.13504150677581628,0.6180857335488781,False,Price not above 200-day average; 20-day average not above 50-day average; Momentum score below 55; Trend score below 70
283,JSWSTEEL,JSWSTEEL.NS,NIFTY50,Metals & Mining,1168.0,35.994772787645935,35.188855309114764,REJECT,25.74241180724921,47.65756302521008,0.0451404488300603,19.0,9.785678546128317,8,0.11043412033511044,0.6860791855560772,False,Price not above 200-day average; 20-day average not above 50-day average; Momentum score below 55; Trend score below 70; Sector score below 45
284,NH,NH.NS,NIFTYMIDCAP150,Healthcare,1719.5,35.98279644573484,30.577724825955286,REJECT,26.75365033508787,42.668067226890756,0.06457737801295715,89.0,10.177201311612249,8,0.11365979381443299,0.7189759119221101,False,Price not above 200-day average; 20-day average not above 50-day average; Momentum score below 55; Trend score below 70
285,CHOICEIN,CHOICEIN.NS,NIFTYSMALLCAP250,Financial Services,713.0999755859375,35.96585512648472,34.31820664402968,REJECT,26.346352610785704,49.32773109243697,0.1147122367330572,30.0,11.148127679606858,7,0.10750941728918961,0.5060230260524707,False,Price not above 200-day average; 20-day average not above 50-day average; Momentum score below 55; Trend score below 70; Sector score below 45
286,BHARATFORG,BHARATFORG.NS,NIFTYMIDCAP150,Automobile and Auto Components,1816.9000244140625,35.93122041874788,41.572685538728564,REJECT,24.864617991207183,50.52521008403362,0.0845669258296794,57.0,9.489802293282585,7,0.10196714696356124,0.5284681429404332,False,Price not above 200-day average; 20-day average not above 50-day average; Momentum score below 55; Trend score below 70
287,AIAENG,AIAENG.NS,NIFTYMIDCAP150,Capital Goods,3737.699951171875,35.92469987179395,28.879812869139915,REJECT,23.913881000655312,43.29831932773109,0.08256757830001138,79.0,9.367391630959835,7,0.12242026121229165,0.4464338494813599,False,Price not above 200-day average; 20-day average not above 50-day average; Momentum score below 55; Trend score below 70
288,EMAMILTD,EMAMILTD.NS,NIFTYSMALLCAP250,Fast Moving Consumer Goods,369.45001220703125,35.86708374426346,30.45804726000578,REJECT,11.625509221173866,30.273109243697476,-0.053121340177465504,62.0,10.113090618161287,8,0.09370779409150033,0.14020985928935756,False,Price not above 200-day average; 50-day average not above 200-day average; 20-day average not above 50-day average; 6-month relative strength versus Nifty is not positive; Momentum score below 55; Trend score below 70
289,CEMPRO,CEMPRO.NS,NIFTYSMALLCAP250,Construction,1125.0999755859375,35.85978630655178,41.97854507572531,REJECT,41.90257203876423,68.17226890756302,0.9258187469867153,21.5,7.721835564555239,8,0.16324557785623064,0.7124834418303576,False,20-day average not above 50-day average; Trend score below 70; Sector score below 45
290,INDUSINDBK,INDUSINDBK.NS,NIFTYMIDCAP150,Financial Services,861.6500244140625,35.76980535145174,30.52194817821328,REJECT,23.448786862469284,46.40756302521008,0.09395729747162884,30.0,9.603332078131487,6,0.14688116394647277,0.47442118714638043,False,Price not above 200-day average; 20-day average not above 50-day average; Momentum score below 55; Trend score below 70; Sector score below 45
291,PFOCUS,PFOCUS.NS,NIFTYSMALLCAP250,Media Entertainment & Publication,261.1000061035156,35.65299672547099,23.299743499213946,REJECT,45.80806623556553,31.418067226890756,-0.1639080711377855,58.0,9.060124179425816,7,0.28031969435315435,1.0832375463966564,False,Price not above 200-day average; 6-month relative strength versus Nifty is not positive; Momentum score below 55; Trend score below 70
292,PATANJALI,PATANJALI.NS,NIFTYMIDCAP150,Fast Moving Consumer Goods,360.45001220703125,35.561343687410826,18.83555664663617,REJECT,33.160220077586345,20.0,-0.16121347747553771,62.0,13.90466961919525,8,0.12702829369041488,0.28918392073911175,False,Price not above 200-day average; 50-day average not above 200-day average; 6-month relative strength versus Nifty is not positive; Momentum score below 55; Trend score below 70
293,UTIAMC,UTIAMC.NS,NIFTYSMALLCAP250,Financial Services,877.7000122070312,35.49276115443782,35.69281555071748,REJECT,30.87617180357985,38.844537815126046,0.0080483642335063,30.0,6.802103539702198,8,0.062236229756162616,0.5252137884968184,False,Price not above 200-day average; 50-day average not above 200-day average; Momentum score below 55; Trend score below 70; Sector score below 45
294,NUVOCO,NUVOCO.NS,NIFTYSMALLCAP250,Construction Materials,317.1000061035156,35.433919732469796,36.605748997674624,REJECT,29.189909311943453,52.13235294117648,0.1015574726882057,6.5,8.562219290998568,8,0.09075267067092294,0.812444252480667,False,Price not above 200-day average; 20-day average not above 50-day average; Momentum score below 55; Trend score below 70; Sector score below 45
295,TEJASNET,TEJASNET.NS,NIFTYSMALLCAP250,Telecommunication,447.20001220703125,35.27256707875009,29.308338050169116,REJECT,21.94623786370942,31.985294117647058,0.07629357492394118,97.0,11.150726142075875,5,0.25466664632161456,0.7344144975684078,False,Price not above 200-day average; 20-day average not above 50-day average; Momentum score below 55; Trend score below 70
296,HINDPETRO,HINDPETRO.NS,NIFTYMIDCAP150,Oil Gas & Consumable Fuels,326.0,35.221594251567744,23.55792487902755,REJECT,7.81624180692678,35.2626050420168,0.002642842293918979,74.5,10.288582605268976,7,0.10733847452559457,1.4606370944477427,False,Price not above 200-day average; 50-day average not above 200-day average; 20-day average not above 50-day average; Momentum score below 55; Trend score below 70
297,HEROMOTOCO,HEROMOTOCO.NS,NIFTYMIDCAP150,Automobile and Auto Components,4895.5,35.217748611870796,32.479429828799056,REJECT,24.884170995509418,45.346638655462186,0.001025985330533219,57.0,7.70357391178102,8,0.10149582453886391,0.6034089281790449,False,Price not above 200-day average; 20-day average not above 50-day average; Momentum score below 55; Trend score below 70
298,RAINBOW,RAINBOW.NS,NIFTYSMALLCAP250,Healthcare,1250.199951171875,35.13924890033128,24.786682198067815,REJECT,22.478915409705014,37.63655462184874,0.047414072313628264,89.0,10.844822570609832,8,0.16930235802533222,0.5110960496495708,False,Price not above 200-day average; 20-day average not above 50-day average; Momentum score below 55; Trend score below 70
299,ARE&M,ARE&M.NS,NIFTYSMALLCAP250,Automobile and Auto Components,721.0,35.07612002915866,22.249109663092028,REJECT,20.104050273206227,28.991596638655462,0.026772650389027652,57.0,12.980431310843997,8,0.14411208558369068,0.6313843626067224,False,Price not above 200-day average; 20-day average not above 50-day average; Momentum score below 55; Trend score below 70
300,ZYDUSWELL,ZYDUSWELL.NS,NIFTYSMALLCAP250,Fast Moving Consumer Goods,490.70001220703125,35.050437364356334,32.22830840190569,REJECT,45.00352278207122,42.78361344537815,0.08183960800198131,62.0,10.51227419480737,8,0.14160764235076256,0.3736081691686712,False,20-day average not above 50-day average; Momentum score below 55; Trend score below 70
301,ONGC,ONGC.NS,NIFTY50,Oil Gas & Consumable Fuels,221.27000427246094,35.04548516761022,22.539911899541888,REJECT,10.857023733107425,24.28571428571428,-0.1601314140988761,74.5,11.215602284313404,8,0.09002302623776225,0.6755034216729847,False,Price not above 200-day average; 50-day average not above 200-day average; 20-day average not above 50-day average; 6-month relative strength versus Nifty is not positive; Momentum score below 55; Trend score below 70
302,JIOFIN,JIOFIN.NS,NIFTY50,Financial Services,214.6199951171875,35.00426913853088,22.60303204780239,REJECT,7.7394318033101275,24.957983193277308,-0.06702001558795412,30.0,15.952088525447067,7,0.08282053368723291,1.0204862024462855,False,Price not above 200-day average; 50-day average not above 200-day average; 20-day average not above 50-day average; 6-month relative strength versus Nifty is not positive; Momentum score below 55; Trend score below 70; Sector score below 45
303,AFFLE,AFFLE.NS,NIFTYSMALLCAP250,Information Technology,1417.5,34.9720235233016,35.46060719359381,REJECT,23.791276854601485,42.44747899159664,0.0634526751639265,63.5,10.509242861454638,8,0.1268863566368956,0.6188020069064293,False,Price not above 200-day average; 20-day average not above 50-day average; Momentum score below 55; Trend score below 70
304,CAMS,CAMS.NS,NIFTYSMALLCAP250,Financial Services,672.5,34.93181304242508,38.64423250153597,REJECT,25.72392398708586,37.636554621848745,0.023645864253169724,30.0,6.576358940748645,8,0.08203655144524023,0.8608506504698114,False,Price not above 200-day average; 20-day average not above 50-day average; Momentum score below 55; Trend score below 70; Sector score below 45
305,GILLETTE,GILLETTE.NS,NIFTYSMALLCAP250,Fast Moving Consumer Goods,7100.5,34.89816809799139,31.58778598177984,REJECT,12.567979360574078,36.46008403361344,-0.0069996876635254335,62.0,10.686116488845673,8,0.05828912466843501,0.579124522845938,False,Price not above 200-day average; 50-day average not above 200-day average; 20-day average not above 50-day average; 6-month relative strength versus Nifty is not positive; Momentum score below 55; Trend score below 70
306,BAJAJFINSV,BAJAJFINSV.NS,NIFTY50,Financial Services,1734.699951171875,34.891928726879975,29.91842318700454,REJECT,24.91834548798557,40.31512605042017,0.034412282277869854,30.0,7.85292016760101,8,0.11127622855959972,0.8868843019407432,False,Price not above 200-day average; 20-day average not above 50-day average; Momentum score below 55; Trend score below 70; Sector score below 45
307,KIMS,KIMS.NS,NIFTYSMALLCAP250,Healthcare,705.5,34.84060518413368,32.871981607146,REJECT,25.68669763654146,52.02731092436975,0.12356450392027363,89.0,7.932663067204368,8,0.1385836385836386,0.8223589737847814,False,Price not above 200-day average; 20-day average not above 50-day average; Momentum score below 55; Trend score below 70
308,NAVA,NAVA.NS,NIFTYSMALLCAP250,Power,549.0999755859375,34.82200173754535,41.676372164551516,REJECT,13.44112761737233,45.09453781512605,0.016948637852872595,16.5,7.592098785902881,8,0.05959932757846085,0.6937941443636744,False,Price not above 200-day average; 50-day average not above 200-day average; 20-day average not above 50-day average; Momentum score below 55; Trend score below 70; Sector score below 45
309,SOBHA,SOBHA.NS,NIFTYSMALLCAP250,Realty,1161.699951171875,34.75852575393835,21.463146781678432,REJECT,8.71382004383481,23.424369747899163,-0.03597082646031846,29.0,15.217857743688135,8,0.07801591176835318,1.6228292109806992,False,Price not above 200-day average; 50-day average not above 200-day average; 20-day average not above 50-day average; 6-month relative strength versus Nifty is not positive; Momentum score below 55; Trend score below 70; Sector score below 45
310,SCHAEFFLER,SCHAEFFLER.NS,NIFTYMIDCAP150,Automobile and Auto Components,3667.60009765625,34.67139465197885,29.321895065870752,REJECT,26.261427971646448,39.758403361344534,0.013426531636599126,57.0,10.056595565022725,9,0.1390610099398474,1.2110147692355806,False,Price not above 200-day average; 20-day average not above 50-day average; Momentum score below 55; Trend score below 70
311,HYUNDAI,HYUNDAI.NS,NIFTYNEXT50,Automobile and Auto Components,1940.0,34.477127380489584,33.76226093225471,REJECT,24.97897289495513,54.243697478991606,0.1625204955870524,57.0,8.27103800331983,8,0.13086335060105994,0.6089847664256599,False,Price not above 200-day average; 20-day average not above 50-day average; Momentum score below 55; Trend score below 70
312,LUPIN,LUPIN.NS,NIFTYMIDCAP150,Healthcare,1956.5,34.47074128826512,22.689378006281675,REJECT,7.557632725265766,24.632352941176475,-0.07943211852730181,89.0,11.913885235489788,8,0.08360655737704918,0.5260915402676462,False,Price not above 200-day average; 50-day average not above 200-day average; 20-day average not above 50-day average; 6-month relative strength versus Nifty is not positive; Momentum score below 55; Trend score below 70
313,ADANIENSOL,ADANIENSOL.NS,NIFTYNEXT50,Power,1262.0,34.440611483893825,40.09986287375515,REJECT,21.59821385018025,56.218487394957975,0.23735717274833845,16.5,12.313452031395839,8,0.1272475795297372,0.5443568714551476,False,Price not above 200-day average; 20-day average not above 50-day average; Trend score below 70; Sector score below 45
314,IRCTC,IRCTC.NS,NIFTYMIDCAP150,Consumer Services,458.79998779296875,34.3286395345611,29.14225590796751,REJECT,11.802782351930704,27.300420168067227,-0.0823739422732741,49.5,7.229816510472446,8,0.04315025533278784,1.517526832220907,False,Price not above 200-day average; 50-day average not above 200-day average; 20-day average not above 50-day average; 6-month relative strength versus Nifty is not positive; Momentum score below 55; Trend score below 70
315,BAJAJHFL,BAJAJHFL.NS,NIFTYMIDCAP150,Financial Services,81.51000213623047,34.321245037496666,34.73983932937497,REJECT,12.68847768898177,42.52100840336134,0.026273916264840658,30.0,7.098201021816246,8,0.057142799148614254,0.8342270405092668,False,Price not above 200-day average; 50-day average not above 200-day average; 20-day average not above 50-day average; Momentum score below 55; Trend score below 70; Sector score below 45
316,HDFCBANK,HDFCBANK.NS,NIFTY50,Financial Services,707.25,34.31602214291488,28.931805094826952,REJECT,13.518031500172347,29.222689075630253,-0.057500511399321885,30.0,8.930230543597132,7,0.05611902906448084,0.5661934271718148,False,Price not above 200-day average; 50-day average not above 200-day average; 20-day average not above 50-day average; 6-month relative strength versus Nifty is not positive; Momentum score below 55; Trend score below 70; Sector score below 45
317,GRAVITA,GRAVITA.NS,NIFTYSMALLCAP250,Metals & Mining,1466.4000244140625,34.247828372234316,23.806293445980586,REJECT,23.303185597674954,34.38025210084034,0.04051487192066183,19.0,12.024225109706997,8,0.14941993943499854,1.3668312536655811,False,Price not above 200-day average; 20-day average not above 50-day average; Momentum score below 55; Trend score below 70; Sector score below 45
318,CONCOR,CONCOR.NS,NIFTYMIDCAP150,Services,442.0,34.169594686879236,27.430505856947427,REJECT,24.419458281022266,38.87605042016807,-0.0006646358567172772,77.0,8.956242315407744,8,0.13576396015319198,0.41762382995546515,False,Price not above 200-day average; 20-day average not above 50-day average; 6-month relative strength versus Nifty is not positive; Momentum score below 55; Trend score below 70
319,ENDURANCE,ENDURANCE.NS,NIFTYMIDCAP150,Automobile and Auto Components,2407.5,34.05243660812701,28.377376113285536,REJECT,21.937102159883988,44.13865546218487,0.08626278622578731,57.0,11.604352009359975,8,0.14718384697130713,0.4121803470675691,False,Price not above 200-day average; 20-day average not above 50-day average; Momentum score below 55; Trend score below 70
320,MARUTI,MARUTI.NS,NIFTY50,Automobile and Auto Components,11420.0,33.996436189934116,24.51584650284444,REJECT,6.052271274306768,17.951680672268907,-0.09044131732428451,57.0,12.07409200046689,8,0.10029149925155598,0.8391817919907808,False,Price not above 200-day average; 50-day average not above 200-day average; 20-day average not above 50-day average; 6-month relative strength versus Nifty is not positive; Momentum score below 55; Trend score below 70
321,M&M,M&M.NS,NIFTY50,Automobile and Auto Components,2796.199951171875,33.9548545082918,26.441306727077034,REJECT,5.188462760779414,26.313025210084035,-0.05824503428408734,57.0,10.766885027139919,8,0.1126836836080719,0.5052391141372311,False,Price not above 200-day average; 50-day average not above 200-day average; 20-day average not above 50-day average; 6-month relative strength versus Nifty is not positive; Momentum score below 55; Trend score below 70
322,SBILIFE,SBILIFE.NS,NIFTY50,Financial Services,1684.5999755859375,33.85934102274867,30.9404771265313,REJECT,11.516046012262073,36.890756302521005,-0.05535650648202817,30.0,9.50167894633001,8,0.059618202172938756,0.9318207840273308,False,Price not above 200-day average; 50-day average not above 200-day average; 20-day average not above 50-day average; 6-month relative strength versus Nifty is not positive; Momentum score below 55; Trend score below 70; Sector score below 45
323,HBLENGINE,HBLENGINE.NS,NIFTYSMALLCAP250,Capital Goods,719.0499877929688,33.84363510656655,32.48600748363258,REJECT,32.591660557306625,51.134453781512605,0.06390921675302785,79.0,4.4977750903950975,8,0.13357034987359787,0.4412209093542481,False,Price not above 200-day average; 50-day average not above 200-day average; Momentum score below 55; Trend score below 70
324,JMFINANCIL,JMFINANCIL.NS,NIFTYSMALLCAP250,Financial Services,117.81999969482422,33.833147441637834,33.31367020115978,REJECT,9.753327670418672,36.30252100840336,-0.01037502811694535,30.0,4.693150270930711,7,0.09124562096860185,1.2564374175322945,False,Price not above 200-day average; 50-day average not above 200-day average; 20-day average not above 50-day average; 6-month relative strength versus Nifty is not positive; Momentum score below 55; Trend score below 70; Sector score below 45
325,NSLNISP,NSLNISP.NS,NIFTYSMALLCAP250,Metals & Mining,39.22999954223633,33.79353651807877,33.769423440994636,REJECT,25.953503714068273,38.718487394957975,0.038630192031515964,19.0,10.987184910410766,8,0.14063530709857897,0.6835849517004703,False,Price not above 200-day average; 20-day average not above 50-day average; Momentum score below 55; Trend score below 70; Sector score below 45
326,LT,LT.NS,NIFTY50,Construction,3703.300048828125,33.792610231903105,37.786413262641105,REJECT,27.90637774046865,44.21218487394958,-0.004964699323690369,21.5,7.205207972561777,8,0.07882690069964672,0.8131448158189551,False,Price not above 200-day average; 20-day average not above 50-day average; 6-month relative strength versus Nifty is not positive; Momentum score below 55; Trend score below 70; Sector score below 45
327,ELECON,ELECON.NS,NIFTYSMALLCAP250,Capital Goods,416.3999938964844,33.78848775497182,24.727005538997993,REJECT,29.566816420387333,38.36134453781513,0.05674474423454978,79.0,7.648273054942454,8,0.14933606967010343,0.21311435757487543,False,Price not above 200-day average; 50-day average not above 200-day average; Momentum score below 55; Trend score below 70
328,TRIDENT,TRIDENT.NS,NIFTYSMALLCAP250,Textiles,21.959999084472656,33.75729284697043,23.600367390076237,REJECT,9.082817177092117,27.92016806722689,-0.04469919364345554,87.0,8.218275070259523,8,0.08766101525149901,0.9699619903310557,False,Price not above 200-day average; 50-day average not above 200-day average; 20-day average not above 50-day average; 6-month relative strength versus Nifty is not positive; Momentum score below 55; Trend score below 70
329,MUTHOOTFIN,MUTHOOTFIN.NS,NIFTYNEXT50,Financial Services,2624.699951171875,33.557607066093475,24.4671440193468,REJECT,8.30908117299001,14.453781512605042,-0.1829128956971776,30.0,12.436009652005088,8,0.08680676509589158,1.140825629903722,False,Price not above 200-day average; 50-day average not above 200-day average; 20-day average not above 50-day average; 6-month relative strength versus Nifty is not positive; Momentum score below 55; Trend score below 70; Sector score below 45
330,BEL,BEL.NS,NIFTY50,Capital Goods,368.1499938964844,33.3242088273027,20.333658622854944,REJECT,9.176771836784768,25.55672268907563,-0.08726711400096221,79.0,10.790662189024951,8,0.1104265108929354,1.6360970921247413,False,Price not above 200-day average; 50-day average not above 200-day average; 20-day average not above 50-day average; 6-month relative strength versus Nifty is not positive; Momentum score below 55; Trend score below 70
331,JSL,JSL.NS,NIFTYMIDCAP150,Metals & Mining,709.0499877929688,33.32403511856491,34.32992737885903,REJECT,30.145117007528526,48.39285714285714,0.006624424434257703,19.0,8.32325058964465,8,0.10698993980734414,0.26388446477820077,False,Price not above 200-day average; 50-day average not above 200-day average; Momentum score below 55; Trend score below 70; Sector score below 45
332,PGEL,PGEL.NS,NIFTYSMALLCAP250,Consumer Durables,511.79998779296875,33.306141725689045,37.049225954386266,REJECT,25.60792890292368,52.247899159663866,0.1231008299667965,28.0,12.291904738779564,8,0.08096249169537835,0.5255532293874752,False,Price not above 200-day average; 20-day average not above 50-day average; Momentum score below 55; Trend score below 70; Sector score below 45
333,AADHARHFC,AADHARHFC.NS,NIFTYSMALLCAP250,Financial Services,443.6499938964844,32.893479565151864,34.00854370854626,REJECT,10.426013031416947,33.79201680672269,0.0028768088434774075,30.0,8.386606418957518,7,0.07889546451061913,0.3322141434819607,False,Price not above 200-day average; 50-day average not above 200-day average; 20-day average not above 50-day average; Momentum score below 55; Trend score below 70; Sector score below 45
334,NHPC,NHPC.NS,NIFTYMIDCAP150,Power,72.98999786376953,32.8890742503232,42.91084594144552,REJECT,12.045307577024834,43.16176470588235,0.015778225229009957,16.5,7.91065783045916,8,0.06290925104988658,0.5676463053703279,False,Price not above 200-day average; 50-day average not above 200-day average; 20-day average not above 50-day average; Momentum score below 55; Trend score below 70; Sector score below 45
335,KFINTECH,KFINTECH.NS,NIFTYSMALLCAP250,Financial Services,842.3499755859375,32.8452156381651,32.94859619807091,REJECT,8.707809020307353,37.37394957983194,-0.00980439692252899,30.0,7.956466292067984,8,0.0942473380796371,1.3860661257676399,False,Price not above 200-day average; 50-day average not above 200-day average; 20-day average not above 50-day average; 6-month relative strength versus Nifty is not positive; Momentum score below 55; Trend score below 70; Sector score below 45
336,TATACHEM,TATACHEM.NS,NIFTYSMALLCAP250,Chemicals,589.75,32.833108271928836,21.572630380076426,REJECT,25.67054646046416,28.66596638655462,-0.014283519002802114,52.0,9.796946935401708,5,0.29116586538461536,0.2517061893146463,False,Price not above 200-day average; 50-day average not above 200-day average; 6-month relative strength versus Nifty is not positive; Momentum score below 55; Trend score below 70
337,FORTIS,FORTIS.NS,NIFTYMIDCAP150,Healthcare,786.25,32.786968304698945,16.946596370483356,REJECT,6.130839736068559,26.733193277310924,-0.002063920321301538,89.0,9.256084897216521,8,0.14389157328079774,1.763444580781853,False,Price not above 200-day average; 50-day average not above 200-day average; 20-day average not above 50-day average; 6-month relative strength versus Nifty is not positive; Momentum score below 55; Trend score below 70
338,ULTRACEMCO,ULTRACEMCO.NS,NIFTY50,Construction Materials,10675.0,32.68749414544128,37.48086832299414,REJECT,10.594933428313663,43.813025210084035,0.00034411901012665336,6.5,10.090382533264773,8,0.04670476870869798,0.5402452513812065,False,Price not above 200-day average; 50-day average not above 200-day average; 20-day average not above 50-day average; Momentum score below 55; Trend score below 70; Sector score below 45
339,CEATLTD,CEATLTD.NS,NIFTYSMALLCAP250,Automobile and Auto Components,3262.300048828125,32.61552078460927,30.123098937257303,REJECT,10.79653893908795,38.886554621848745,-0.007968779001944482,57.0,7.626566387762004,8,0.07557380310906064,0.5585622805205536,False,Price not above 200-day average; 50-day average not above 200-day average; 20-day average not above 50-day average; 6-month relative strength versus Nifty is not positive; Momentum score below 55; Trend score below 70
340,ASTERDM,ASTERDM.NS,NIFTYMIDCAP150,Healthcare,699.8499755859375,32.56659149768544,31.638856725601986,REJECT,25.24171822652903,49.26470588235294,0.1115817855427036,89.0,7.973402279479105,8,0.11668561609417671,0.7052567380844219,False,Price not above 200-day average; 20-day average not above 50-day average; Momentum score below 55; Trend score below 70
341,GRASIM,GRASIM.NS,NIFTY50,Construction Materials,2890.0,32.50736920241732,35.165448811042154,REJECT,24.97110012770768,50.714285714285715,0.11335590361816938,6.5,10.578756756772213,8,0.13067017058852992,0.34169479809522757,False,Price not above 200-day average; 20-day average not above 50-day average; Momentum score below 55; Trend score below 70; Sector score below 45
342,MSUMI,MSUMI.NS,NIFTYSMALLCAP250,Automobile and Auto Components,33.54999923706055,32.50532393149923,27.2983842910315,REJECT,7.3959649743923235,23.277310924369747,-0.06030904944406723,57.0,12.209992975972288,8,0.09446693851747785,0.2918932028009158,False,Price not above 200-day average; 50-day average not above 200-day average; 20-day average not above 50-day average; 6-month relative strength versus Nifty is not positive; Momentum score below 55; Trend score below 70
343,NCC,NCC.NS,NIFTYSMALLCAP250,Construction,125.05999755859375,32.49589103596329,20.477275460355244,REJECT,7.011184522751026,18.287815126050422,-0.07504481726015433,21.5,8.347271060981631,8,0.16010743663605687,3.989344574717236,False,Price not above 200-day average; 50-day average not above 200-day average; 20-day average not above 50-day average; 6-month relative strength versus Nifty is not positive; Momentum score below 55; Trend score below 70; Sector score below 45
344,ESCORTS,ESCORTS.NS,NIFTYMIDCAP150,Capital Goods,2730.5,32.47196580358869,22.926164882541283,REJECT,9.24262659713237,32.00630252100841,-0.03589104167081458,79.0,7.617876583812569,8,0.10062582345191041,0.37273749453758065,False,Price not above 200-day average; 50-day average not above 200-day average; 20-day average not above 50-day average; 6-month relative strength versus Nifty is not positive; Momentum score below 55; Trend score below 70
345,RELIANCE,RELIANCE.NS,NIFTY50,Oil Gas & Consumable Fuels,1170.300048828125,32.47078751859941,23.053200773970374,REJECT,8.890669562826215,27.720588235294116,-0.06613709317796812,74.5,9.383697818040424,7,0.09608396310755368,0.9227667098511612,False,Price not above 200-day average; 50-day average not above 200-day average; 20-day average not above 50-day average; 6-month relative strength versus Nifty is not positive; Momentum score below 55; Trend score below 70
346,LTF,LTF.NS,NIFTYMIDCAP150,Financial Services,261.20001220703125,32.465326700818636,23.502476016293834,REJECT,21.76245516083143,33.89705882352941,0.019539174837219342,30.0,9.596614207939153,7,0.16921114097403298,0.39510588025222027,False,Price not above 200-day average; 20-day average not above 50-day average; Momentum score below 55; Trend score below 70; Sector score below 45
347,OLAELEC,OLAELEC.NS,NIFTYSMALLCAP250,Automobile and Auto Components,35.130001068115234,32.31289597407941,28.430517267996912,REJECT,26.212544534910784,51.00840336134454,0.2220993354865689,57.0,6.898686120161855,5,0.2114477739678375,0.6319916653925719,False,Price not above 200-day average; 20-day average not above 50-day average; Momentum score below 55; Trend score below 70
348,SHREECEM,SHREECEM.NS,NIFTYMIDCAP150,Construction Materials,22080.0,32.16987486607306,35.45737923161207,REJECT,9.668030606339412,28.602941176470587,-0.029695748989029713,6.5,10.281782697177816,8,0.04991394148020654,0.4760818691326131,False,Price not above 200-day average; 50-day average not above 200-day average; 20-day average not above 50-day average; 6-month relative strength versus Nifty is not positive; Momentum score below 55; Trend score below 70; Sector score below 45
349,MAXHEALTH,MAXHEALTH.NS,NIFTY50,Healthcare,883.7999877929688,32.1522546632215,17.097441131116422,REJECT,5.792612177551378,27.731092436974787,0.002277063085411868,89.0,9.271972399591606,8,0.17602087645940093,1.7906104091205428,False,Price not above 200-day average; 50-day average not above 200-day average; 20-day average not above 50-day average; Momentum score below 55; Trend score below 70
350,TATACONSUM,TATACONSUM.NS,NIFTY50,Fast Moving Consumer Goods,955.0,32.093373552452455,28.384101366316813,REJECT,9.669816171114705,30.91386554621849,-0.03711650605461092,62.0,11.198325663669557,8,0.06400077288466939,0.7501873692720729,False,Price not above 200-day average; 50-day average not above 200-day average; 20-day average not above 50-day average; 6-month relative strength versus Nifty is not positive; Momentum score below 55; Trend score below 70
351,ANURAS,ANURAS.NS,NIFTYSMALLCAP250,Chemicals,1132.4000244140625,32.049945343046524,26.66780906706544,REJECT,10.244370524893151,36.344537815126046,-0.039153879094753985,52.0,10.222593837774916,8,0.08450568225473715,0.9185459202493282,False,Price not above 200-day average; 50-day average not above 200-day average; 20-day average not above 50-day average; 6-month relative strength versus Nifty is not positive; Momentum score below 55; Trend score below 70
352,WHIRLPOOL,WHIRLPOOL.NS,NIFTYSMALLCAP250,Consumer Durables,816.75,31.99466893158545,29.2784431507754,REJECT,33.77404348496944,50.05252100840336,0.03314480106333195,28.0,9.185526035914874,8,0.14921875,0.15928600441489993,False,Price not above 200-day average; 50-day average not above 200-day average; Momentum score below 55; Trend score below 70; Sector score below 45
353,DELHIVERY,DELHIVERY.NS,NIFTYSMALLCAP250,Services,400.5,31.962891731334413,19.288498492129392,REJECT,24.905095629142224,20.69327731092437,-0.06751952392456428,77.0,10.200703107681385,8,0.11784140969162996,0.518239791802992,False,Price not above 200-day average; 20-day average not above 50-day average; 6-month relative strength versus Nifty is not positive; Momentum score below 55; Trend score below 70
354,CENTRALBK,CENTRALBK.NS,NIFTYSMALLCAP250,Financial Services,30.100000381469727,31.93444103353621,28.90993467001684,REJECT,13.12619724256467,32.195378151260506,-0.07400511788338182,30.0,5.399176048344035,7,0.07098768629909157,0.43390625091326485,False,Price not above 200-day average; 50-day average not above 200-day average; 20-day average not above 50-day average; 6-month relative strength versus Nifty is not positive; Momentum score below 55; Trend score below 70; Sector score below 45
355,KAYNES,KAYNES.NS,NIFTYSMALLCAP250,Capital Goods,3264.0,31.89771448166674,25.387741706739185,REJECT,24.529274656168422,23.68697478991597,-0.10397184983348318,79.0,11.650814767200089,8,0.11955113212379495,0.5592748166764424,False,Price not above 200-day average; 20-day average not above 50-day average; 6-month relative strength versus Nifty is not positive; Momentum score below 55; Trend score below 70
356,RECLTD,RECLTD.NS,NIFTYMIDCAP150,Financial Services,300.0,31.874356999167,28.090434599882222,REJECT,9.448401676671597,29.842436974789916,-0.04890835697749796,30.0,7.043051597813447,6,0.054671516526948696,0.4466351066724427,False,Price not above 200-day average; 50-day average not above 200-day average; 20-day average not above 50-day average; 6-month relative strength versus Nifty is not positive; Momentum score below 55; Trend score below 70; Sector score below 45
357,THERMAX,THERMAX.NS,NIFTYMIDCAP150,Capital Goods,3256.300048828125,31.791353046641582,21.556290904087295,REJECT,4.854173393058857,37.14285714285714,0.05486037021008838,79.0,6.153273358350714,8,0.12460347166940322,3.0776567487093804,False,Price not above 200-day average; 50-day average not above 200-day average; 20-day average not above 50-day average; Momentum score below 55; Trend score below 70
358,BRITANNIA,BRITANNIA.NS,NIFTYNEXT50,Fast Moving Consumer Goods,4825.0,31.581835519269184,36.919709543062815,REJECT,9.736885754664959,32.04831932773109,-0.061637871447578485,62.0,8.940245584958921,8,0.05632700958341483,0.4194417684661402,False,Price not above 200-day average; 50-day average not above 200-day average; 20-day average not above 50-day average; 6-month relative strength versus Nifty is not positive; Momentum score below 55; Trend score below 70
359,NATIONALUM,NATIONALUM.NS,NIFTYMIDCAP150,Metals & Mining,315.8999938964844,31.5786872047793,23.76180350491498,REJECT,4.065289772358889,26.05042016806723,-0.1430527660377453,19.0,14.293853754710774,8,0.18160623342879695,0.6122821179588284,False,Price not above 200-day average; 50-day average not above 200-day average; 20-day average not above 50-day average; 6-month relative strength versus Nifty is not positive; Momentum score below 55; Trend score below 70; Sector score below 45
360,UNOMINDA,UNOMINDA.NS,NIFTYMIDCAP150,Automobile and Auto Components,1108.0,31.57385044584853,30.560976134488953,REJECT,25.37810371242766,46.85924369747899,0.07944688803954947,57.0,9.920723732185103,8,0.13707165109034267,0.5727331382074615,False,Price not above 200-day average; 20-day average not above 50-day average; Momentum score below 55; Trend score below 70
361,BDL,BDL.NS,NIFTYMIDCAP150,Capital Goods,1075.9000244140625,31.505867491535277,17.89636164385147,REJECT,5.058545675933346,11.659663865546218,-0.10505028555060336,79.0,17.329929772259494,8,0.1376123141156616,0.8883071096072666,False,Price not above 200-day average; 50-day average not above 200-day average; 20-day average not above 50-day average; 6-month relative strength versus Nifty is not positive; Momentum score below 55; Trend score below 70
362,ICICIPRULI,ICICIPRULI.NS,NIFTYMIDCAP150,Financial Services,460.54998779296875,31.44517534390195,31.601428542646403,REJECT,10.689055886550571,29.044117647058822,-0.08515383529767018,30.0,9.796264237765214,9,0.08156351265014289,0.41371222306793554,False,Price not above 200-day average; 50-day average not above 200-day average; 20-day average not above 50-day average; 6-month relative strength versus Nifty is not positive; Momentum score below 55; Trend score below 70; Sector score below 45
363,HDFCAMC,HDFCAMC.NS,NIFTYNEXT50,Financial Services,2262.5,31.407129156844064,31.234876568501132,REJECT,8.503763546157561,27.88865546218487,-0.028009994997162724,30.0,7.01887964228661,8,0.07886163790511397,1.2452400626530014,False,Price not above 200-day average; 50-day average not above 200-day average; 20-day average not above 50-day average; 6-month relative strength versus Nifty is not positive; Momentum score below 55; Trend score below 70; Sector score below 45
364,NTPC,NTPC.NS,NIFTY50,Power,312.0,31.348221821005943,34.09452480314796,REJECT,10.750982273157463,30.336134453781515,-0.09555748261037211,16.5,6.7919422221814605,8,0.07555555555555556,0.9504136822153276,False,Price not above 200-day average; 50-day average not above 200-day average; 20-day average not above 50-day average; 6-month relative strength versus Nifty is not positive; Momentum score below 55; Trend score below 70; Sector score below 45
365,CIEINDIA,CIEINDIA.NS,NIFTYSMALLCAP250,Automobile and Auto Components,370.75,31.13772658526889,22.166729899347768,REJECT,10.630643214877875,20.262605042016805,-0.1367500079441787,57.0,9.690853017834158,9,0.0687013456020997,0.5259105383620261,False,Price not above 200-day average; 50-day average not above 200-day average; 20-day average not above 50-day average; 6-month relative strength versus Nifty is not positive; Momentum score below 55; Trend score below 70
366,MMTC,MMTC.NS,NIFTYSMALLCAP250,Services,54.869998931884766,31.06648368381423,18.785523268768944,REJECT,6.727351815020592,29.684873949579828,-0.003543432718252637,77.0,11.311090219672643,8,0.13753536854611165,0.9699919644553735,False,Price not above 200-day average; 50-day average not above 200-day average; 20-day average not above 50-day average; 6-month relative strength versus Nifty is not positive; Momentum score below 55; Trend score below 70
367,BLS,BLS.NS,NIFTYSMALLCAP250,Consumer Services,216.22999572753906,31.0055208796301,21.828339615893803,REJECT,7.383303318762934,15.472689075630253,-0.21099205358672046,49.5,11.617230227442267,8,0.10508292797277785,0.5416181755695905,False,Price not above 200-day average; 50-day average not above 200-day average; 20-day average not above 50-day average; 6-month relative strength versus Nifty is not positive; Momentum score below 55; Trend score below 70
368,ZENTEC,ZENTEC.NS,NIFTYSMALLCAP250,Capital Goods,1528.800048828125,30.96779227767575,35.44065659618554,REJECT,23.24140920351575,44.28571428571428,0.11615081917477788,79.0,4.877533747653316,8,0.17536003630437813,0.9157051486613113,False,Price not above 200-day average; 20-day average not above 50-day average; Momentum score below 55; Trend score below 70
369,FORCEMOT,FORCEMOT.NS,NIFTYSMALLCAP250,Automobile and Auto Components,16900.0,30.6581639456656,25.213908456764997,REJECT,11.814849984663597,28.277310924369747,-0.170705728374413,57.0,8.688386486303818,7,0.07846665576094662,0.5458429826027381,False,Price not above 200-day average; 50-day average not above 200-day average; 20-day average not above 50-day average; 6-month relative strength versus Nifty is not positive; Momentum score below 55; Trend score below 70
370,RITES,RITES.NS,NIFTYSMALLCAP250,Construction,198.66000366210938,30.554246027338777,28.79048835903648,REJECT,10.558543001620952,44.443277310924366,0.0721381991730744,21.5,8.788831776141844,8,0.09246226952361766,0.14698056222686165,False,Price not above 200-day average; 50-day average not above 200-day average; 20-day average not above 50-day average; Momentum score below 55; Trend score below 70; Sector score below 45
371,CHAMBLFERT,CHAMBLFERT.NS,NIFTYSMALLCAP250,Chemicals,374.29998779296875,30.46496995925844,13.710390427877106,REJECT,6.17563498425002,15.0,-0.12258198501241746,52.0,8.150510501169965,8,0.11617476318071134,1.9365123261653503,False,Price not above 200-day average; 50-day average not above 200-day average; 20-day average not above 50-day average; 6-month relative strength versus Nifty is not positive; Momentum score below 55; Trend score below 70
372,TATAINVEST,TATAINVEST.NS,NIFTYMIDCAP150,Financial Services,599.25,30.167005338311697,22.721200888753774,REJECT,8.71604064741257,36.63865546218487,0.03431651350660414,30.0,9.333883658074749,8,0.20153231179213857,0.11765376195856202,False,Price not above 200-day average; 50-day average not above 200-day average; 20-day average not above 50-day average; Momentum score below 55; Trend score below 70; Sector score below 45
373,TIMKEN,TIMKEN.NS,NIFTYSMALLCAP250,Capital Goods,2962.800048828125,30.095332995762053,23.636347092860518,REJECT,9.798098668383181,34.9264705882353,-0.07770697180614827,79.0,9.255081967407817,8,0.1078590638879479,0.3996210590906589,False,Price not above 200-day average; 50-day average not above 200-day average; 20-day average not above 50-day average; 6-month relative strength versus Nifty is not positive; Momentum score below 55; Trend score below 70
374,GODREJCP,GODREJCP.NS,NIFTYNEXT50,Fast Moving Consumer Goods,860.5,29.960829978297898,33.22163926164108,REJECT,10.265176446697668,18.36134453781513,-0.1296801042504101,62.0,9.413170015671438,8,0.03423120089786756,0.6388149750200502,False,Price not above 200-day average; 50-day average not above 200-day average; 20-day average not above 50-day average; 6-month relative strength versus Nifty is not positive; Momentum score below 55; Trend score below 70
375,TATASTEEL,TATASTEEL.NS,NIFTY50,Metals & Mining,173.8000030517578,29.93102620245915,32.79314877871678,REJECT,10.329768313185156,35.08403361344538,-0.06969156759849926,19.0,7.939374229203904,8,0.09384775658810936,0.5268536508093543,False,Price not above 200-day average; 50-day average not above 200-day average; 20-day average not above 50-day average; 6-month relative strength versus Nifty is not positive; Momentum score below 55; Trend score below 70; Sector score below 45
376,SARDAEN,SARDAEN.NS,NIFTYSMALLCAP250,Metals & Mining,481.1499938964844,29.891026997537914,31.335406696811955,REJECT,11.250962504793296,37.28991596638655,-0.046578706458943464,19.0,7.430176043213606,8,0.1330630740603885,0.8400983238847328,False,Price not above 200-day average; 50-day average not above 200-day average; 20-day average not above 50-day average; 6-month relative strength versus Nifty is not positive; Momentum score below 55; Trend score below 70; Sector score below 45
377,ATGL,ATGL.NS,NIFTYMIDCAP150,Oil Gas & Consumable Fuels,563.4500122070312,29.819467684230585,26.59057278314995,REJECT,24.940933353087193,37.81512605042017,0.0698569490053299,74.5,9.112046691397245,8,0.1650118221698903,0.1648836542466351,False,Price not above 200-day average; 20-day average not above 50-day average; Momentum score below 55; Trend score below 70
378,HINDCOPPER,HINDCOPPER.NS,NIFTYMIDCAP150,Metals & Mining,468.8500061035156,29.615206676571333,31.51627387256634,REJECT,8.208094097746805,40.819327731092436,-0.044149086266103255,19.0,12.391653448777591,8,0.13646079386505824,0.7208140341574737,False,Price not above 200-day average; 50-day average not above 200-day average; 20-day average not above 50-day average; 6-month relative strength versus Nifty is not positive; Momentum score below 55; Trend score below 70; Sector score below 45
379,CANFINHOME,CANFINHOME.NS,NIFTYSMALLCAP250,Financial Services,718.1500244140625,29.5004219797272,25.06260232400265,REJECT,8.303669759275007,21.911764705882355,-0.07063178136878201,30.0,8.108544624361107,7,0.10750015208535955,0.4276501858498811,False,Price not above 200-day average; 50-day average not above 200-day average; 20-day average not above 50-day average; 6-month relative strength versus Nifty is not positive; Momentum score below 55; Trend score below 70; Sector score below 45
380,WAAREEENER,WAAREEENER.NS,NIFTYMIDCAP150,Capital Goods,2323.0,29.46266126566971,10.392815529987562,REJECT,7.565403937841179,8.109243697478991,-0.19451174933378101,79.0,12.940899545780567,8,0.11840607210626186,0.5622086264799514,False,Price not above 200-day average; 50-day average not above 200-day average; 20-day average not above 50-day average; 6-month relative strength versus Nifty is not positive; Momentum score below 55; Trend score below 70
381,NATCOPHARM,NATCOPHARM.NS,NIFTYSMALLCAP250,Healthcare,789.4000244140625,29.412725639301648,20.118474268424226,REJECT,9.031378932460699,17.468487394957986,-0.22765821864543268,89.0,7.371396411064066,8,0.0722368147428319,0.4894282539738528,False,Price not above 200-day average; 50-day average not above 200-day average; 20-day average not above 50-day average; 6-month relative strength versus Nifty is not positive; Momentum score below 55; Trend score below 70
382,APTUS,APTUS.NS,NIFTYSMALLCAP250,Financial Services,215.72999572753906,29.31175847393402,19.224872573474943,REJECT,4.769404763279049,31.97478991596639,0.08918924220957225,30.0,8.442340779009454,7,0.1703969057120234,0.7540765926923854,False,Price not above 200-day average; 50-day average not above 200-day average; 20-day average not above 50-day average; Momentum score below 55; Trend score below 70; Sector score below 45
383,INDIAMART,INDIAMART.NS,NIFTYSMALLCAP250,Consumer Services,1606.800048828125,29.24241364537396,17.91094380819382,REJECT,10.545255215839626,15.535714285714285,-0.1494134006378658,49.5,9.055163051718258,9,0.09158751443235719,0.5615459347761647,False,Price not above 200-day average; 50-day average not above 200-day average; 20-day average not above 50-day average; 6-month relative strength versus Nifty is not positive; Momentum score below 55; Trend score below 70
384,JUBLFOOD,JUBLFOOD.NS,NIFTYMIDCAP150,Consumer Services,422.75,28.93975446255252,26.461267297171243,REJECT,23.478021496601897,40.22058823529412,0.034469754587122536,49.5,6.816841989134443,7,0.16054409277925386,1.2446721139079808,False,Price not above 200-day average; 20-day average not above 50-day average; Momentum score below 55; Trend score below 70
385,NMDC,NMDC.NS,NIFTYMIDCAP150,Metals & Mining,71.80000305175781,28.93144528016561,24.998936932343444,REJECT,5.928569280971575,26.376050420168067,-0.06069647529682154,19.0,7.951783726060632,8,0.15495805534768028,1.2516294626617415,False,Price not above 200-day average; 50-day average not above 200-day average; 20-day average not above 50-day average; 6-month relative strength versus Nifty is not positive; Momentum score below 55; Trend score below 70; Sector score below 45
386,PRESTIGE,PRESTIGE.NS,NIFTYMIDCAP150,Realty,1406.800048828125,28.733251633633493,39.424809453400414,REJECT,25.81394668179069,44.884453781512605,0.12799721704948264,29.0,4.645831962775677,9,0.09698952000643771,0.38792529084140154,False,Price not above 200-day average; 20-day average not above 50-day average; Momentum score below 55; Trend score below 70; Sector score below 45
387,GPIL,GPIL.NS,NIFTYSMALLCAP250,Capital Goods,206.47000122070312,28.567855439475398,9.338031909126883,REJECT,5.140686917650323,9.663865546218487,-0.21011532267297628,79.0,12.294390756541405,8,0.190313720703125,0.954956913352233,False,Price not above 200-day average; 50-day average not above 200-day average; 20-day average not above 50-day average; 6-month relative strength versus Nifty is not positive; Momentum score below 55; Trend score below 70
388,COCHINSHIP,COCHINSHIP.NS,NIFTYMIDCAP150,Capital Goods,1230.0,28.542611058277643,14.950565215607496,REJECT,4.24505195300063,22.174369747899163,-0.04601891560248805,79.0,6.995675206108124,8,0.2165769946606617,1.8130236845355632,False,Price not above 200-day average; 50-day average not above 200-day average; 20-day average not above 50-day average; 6-month relative strength versus Nifty is not positive; Momentum score below 55; Trend score below 70
389,BRIGADE,BRIGADE.NS,NIFTYSMALLCAP250,Realty,548.7999877929688,28.47220057962084,36.18309169109375,REJECT,24.604837139859754,45.58823529411765,0.08412550054497847,29.0,7.820224848285424,8,0.20382997604549383,0.580730223013389,False,Price not above 200-day average; 20-day average not above 50-day average; Momentum score below 55; Trend score below 70; Sector score below 45
390,SUMICHEM,SUMICHEM.NS,NIFTYSMALLCAP250,Chemicals,417.29998779296875,28.349971252377696,23.517215602983576,REJECT,20.720420785615666,34.705882352941174,0.08080838699673365,52.0,6.512283767728407,8,0.15182929310372206,0.4958047760830689,False,Price not above 200-day average; 20-day average not above 50-day average; Momentum score below 55; Trend score below 70
391,GODREJIND,GODREJIND.NS,NIFTYMIDCAP150,Diversified,985.4000244140625,28.327209179605504,33.90999425865218,REJECT,20.544323732177492,42.279411764705884,0.17922139227956058,50.0,4.4288600112552485,8,0.15921499623373506,0.5849894389961992,False,Price not above 200-day average; 20-day average not above 50-day average; Momentum score below 55; Trend score below 70
392,INTELLECT,INTELLECT.NS,NIFTYSMALLCAP250,Information Technology,584.0999755859375,28.159328422863744,9.84650625542646,REJECT,4.735893464759642,12.783613445378151,-0.0779181717143177,63.5,7.065645753402741,8,0.16149871367045607,3.491143795541962,False,Price not above 200-day average; 50-day average not above 200-day average; 20-day average not above 50-day average; 6-month relative strength versus Nifty is not positive; Momentum score below 55; Trend score below 70
393,RAILTEL,RAILTEL.NS,NIFTYSMALLCAP250,Telecommunication,248.14999389648438,27.84402073164851,14.73566371242903,REJECT,8.299516430661942,20.262605042016805,-0.06251531516199105,97.0,10.01122043492824,9,0.11690393631144351,0.8056367047578681,False,Price not above 200-day average; 50-day average not above 200-day average; 20-day average not above 50-day average; 6-month relative strength versus Nifty is not positive; Momentum score below 55; Trend score below 70
394,SUZLON,SUZLON.NS,NIFTYMIDCAP150,Capital Goods,37.599998474121094,27.827767252368208,9.840434867455356,REJECT,2.748746228734926,11.102941176470587,-0.08835397200505002,79.0,9.430366694078298,9,0.1896552319475624,0.9658081321324334,False,Price not above 200-day average; 50-day average not above 200-day average; 20-day average not above 50-day average; 6-month relative strength versus Nifty is not positive; Momentum score below 55; Trend score below 70
395,JSWCEMENT,JSWCEMENT.NS,NIFTYSMALLCAP250,Construction Materials,112.43000030517578,27.465320408897043,23.039572657398217,REJECT,8.675136863545346,24.831932773109244,-0.04765117114434714,6.5,9.766358620954797,7,0.07426922082929667,0.6450878549603558,False,Price not above 200-day average; 50-day average not above 200-day average; 20-day average not above 50-day average; 6-month relative strength versus Nifty is not positive; Momentum score below 55; Trend score below 70; Sector score below 45
396,VMM,VMM.NS,NIFTYMIDCAP150,Consumer Services,97.5,27.41170272974481,22.944678462010955,REJECT,9.45698729462418,16.638655462184875,-0.10219183042001923,49.5,11.274165027393291,8,0.09914074678115763,0.6065682026979191,False,Price not above 200-day average; 50-day average not above 200-day average; 20-day average not above 50-day average; 6-month relative strength versus Nifty is not positive; Momentum score below 55; Trend score below 70
397,TORNTPOWER,TORNTPOWER.NS,NIFTYMIDCAP150,Power,1188.5999755859375,27.402597818116693,26.797129007938004,REJECT,9.709209244035675,23.79201680672269,-0.11498377896495204,16.5,6.031701962427919,8,0.10422793449656921,1.7538359960956502,False,Price not above 200-day average; 50-day average not above 200-day average; 20-day average not above 50-day average; 6-month relative strength versus Nifty is not positive; Momentum score below 55; Trend score below 70; Sector score below 45
398,JPPOWER,JPPOWER.NS,NIFTYSMALLCAP250,Power,14.529999732971191,27.368980090824117,15.06418569928148,REJECT,5.621674294486121,23.9390756302521,-0.054635780819934476,16.5,11.517272051374816,8,0.1692395698617974,0.5536493988952862,False,Price not above 200-day average; 50-day average not above 200-day average; 20-day average not above 50-day average; 6-month relative strength versus Nifty is not positive; Momentum score below 55; Trend score below 70; Sector score below 45
399,HDBFS,HDBFS.NS,NIFTYMIDCAP150,Financial Services,588.6500244140625,27.067193696152756,17.880759854358725,REJECT,5.796298321805963,25.82983193277311,0.004715844794299429,30.0,8.786874166025925,7,0.16092932127913265,1.1606804795016745,False,Price not above 200-day average; 50-day average not above 200-day average; 20-day average not above 50-day average; Momentum score below 55; Trend score below 70; Sector score below 45
400,OLECTRA,OLECTRA.NS,NIFTYSMALLCAP250,Automobile and Auto Components,1044.800048828125,27.048214909933673,18.19435539561369,REJECT,19.62013504087794,25.210084033613445,0.024182401673212506,57.0,11.419784552202067,8,0.19332914745494886,0.5125179724482214,False,Price not above 200-day average; 20-day average not above 50-day average; Momentum score below 55; Trend score below 70
401,SUNDARMFIN,SUNDARMFIN.NS,NIFTYMIDCAP150,Financial Services,4113.60009765625,27.0101273008229,17.031578797026746,REJECT,7.655960884868398,25.69327731092437,-0.09451864539718169,30.0,9.632636543449921,7,0.1559595517154113,0.8081083437647514,False,Price not above 200-day average; 50-day average not above 200-day average; 20-day average not above 50-day average; 6-month relative strength versus Nifty is not positive; Momentum score below 55; Trend score below 70; Sector score below 45
402,JINDALSTEL,JINDALSTEL.NS,NIFTYNEXT50,Metals & Mining,1016.7000122070312,26.902588726216617,19.382030932651887,REJECT,7.84910719809952,30.850840336134453,-0.09885411054337556,19.0,8.788395248743198,8,0.14375948180670228,1.3242629044481125,False,Price not above 200-day average; 50-day average not above 200-day average; 20-day average not above 50-day average; 6-month relative strength versus Nifty is not positive; Momentum score below 55; Trend score below 70; Sector score below 45
403,KSB,KSB.NS,NIFTYSMALLCAP250,Capital Goods,784.5499877929688,26.89418567277212,21.837081150359328,REJECT,12.904494627813971,35.47268907563025,-0.01334573291051322,79.0,6.608362082151553,9,0.12827779134114584,0.149617440642548,False,Price not above 200-day average; 50-day average not above 200-day average; 20-day average not above 50-day average; 6-month relative strength versus Nifty is not positive; Momentum score below 55; Trend score below 70
404,JKCEMENT,JKCEMENT.NS,NIFTYMIDCAP150,Construction Materials,4874.0,26.871007538062567,26.924701404500816,REJECT,10.918574220992625,31.922268907563023,-0.059443778129635305,6.5,8.67600489442943,8,0.06789061005928476,0.6953854938133758,False,Price not above 200-day average; 50-day average not above 200-day average; 20-day average not above 50-day average; 6-month relative strength versus Nifty is not positive; Momentum score below 55; Trend score below 70; Sector score below 45
405,MAZDOCK,MAZDOCK.NS,NIFTYNEXT50,Capital Goods,2010.0,26.82789648004095,19.221547731223303,REJECT,3.13953450878595,14.180672268907564,-0.09769215215286586,79.0,7.0599467862158996,8,0.18332519101385517,1.4180006977294581,False,Price not above 200-day average; 50-day average not above 200-day average; 20-day average not above 50-day average; 6-month relative strength versus Nifty is not positive; Momentum score below 55; Trend score below 70
406,CHOLAHLDNG,CHOLAHLDNG.NS,NIFTYSMALLCAP250,Financial Services,1400.4000244140625,26.73909167572172,18.633119023193032,REJECT,9.546023307962493,20.997899159663866,-0.0806362164631873,30.0,7.956806183000689,7,0.0925349476905913,0.40581907486694124,False,Price not above 200-day average; 50-day average not above 200-day average; 20-day average not above 50-day average; 6-month relative strength versus Nifty is not positive; Momentum score below 55; Trend score below 70; Sector score below 45
407,CESC,CESC.NS,NIFTYSMALLCAP250,Power,133.22999572753906,26.73779852952159,25.63655981627227,REJECT,7.339503971838632,26.943277310924373,-0.05289580190556653,16.5,5.928999365712879,8,0.1315995481838888,1.2294646577131558,False,Price not above 200-day average; 50-day average not above 200-day average; 20-day average not above 50-day average; 6-month relative strength versus Nifty is not positive; Momentum score below 55; Trend score below 70; Sector score below 45
408,ZFCVINDIA,ZFCVINDIA.NS,NIFTYSMALLCAP250,Automobile and Auto Components,2082.199951171875,26.59579966875127,20.607036906356687,REJECT,20.67488845746856,26.407563025210084,-0.07171597829476684,57.0,5.747584209318841,8,0.18664064407348632,0.2628418735955394,False,Price not above 200-day average; 20-day average not above 50-day average; 6-month relative strength versus Nifty is not positive; Momentum score below 55; Trend score below 70
409,POWERGRID,POWERGRID.NS,NIFTY50,Power,249.14999389648438,26.58314158700335,23.472701090138678,REJECT,10.03884826011589,27.741596638655462,-0.08951148275601839,16.5,5.544148805223575,8,0.09085931401425601,1.1525590026136996,False,Price not above 200-day average; 50-day average not above 200-day average; 20-day average not above 50-day average; 6-month relative strength versus Nifty is not positive; Momentum score below 55; Trend score below 70; Sector score below 45
410,HINDUNILVR,HINDUNILVR.NS,NIFTY50,Fast Moving Consumer Goods,1856.699951171875,26.563688021180887,26.272709052046213,REJECT,10.09651225610474,25.252100840336137,-0.06430145968396295,62.0,5.58914510812958,8,0.062083262239728806,0.9950263216215136,False,Price not above 200-day average; 50-day average not above 200-day average; 20-day average not above 50-day average; 6-month relative strength versus Nifty is not positive; Momentum score below 55; Trend score below 70
411,IREDA,IREDA.NS,NIFTYMIDCAP150,Financial Services,104.4000015258789,26.561995627717675,16.390179801595426,REJECT,8.729100617583857,20.357142857142854,-0.08025243353818856,30.0,9.094795858806048,7,0.11065676745301185,0.6128480101953445,False,Price not above 200-day average; 50-day average not above 200-day average; 20-day average not above 50-day average; 6-month relative strength versus Nifty is not positive; Momentum score below 55; Trend score below 70; Sector score below 45
412,DOMS,DOMS.NS,NIFTYSMALLCAP250,Fast Moving Consumer Goods,2059.39990234375,26.532272346374253,26.734251407899595,REJECT,11.111107296505633,26.73319327731092,-0.06997472391382198,62.0,9.961025124909298,8,0.0632704560637935,0.5870626094029033,False,Price not above 200-day average; 50-day average not above 200-day average; 20-day average not above 50-day average; 6-month relative strength versus Nifty is not positive; Momentum score below 55; Trend score below 70
413,FACT,FACT.NS,NIFTYMIDCAP150,Chemicals,729.4000244140625,26.45035040537484,25.962532902506002,REJECT,8.662602511921074,27.720588235294116,-0.04655053276372345,52.0,8.335712157473353,5,0.11302967584530743,0.3482595122941482,False,Price not above 200-day average; 50-day average not above 200-day average; 20-day average not above 50-day average; 6-month relative strength versus Nifty is not positive; Momentum score below 55; Trend score below 70
414,DMART,DMART.NS,NIFTYNEXT50,Consumer Services,3516.800048828125,26.39804481030214,18.499619410851313,REJECT,8.704135423660563,19.61134453781513,-0.13347486728794966,49.5,10.78445991493,8,0.09360823483811212,0.7908497084945543,False,Price not above 200-day average; 50-day average not above 200-day average; 20-day average not above 50-day average; 6-month relative strength versus Nifty is not positive; Momentum score below 55; Trend score below 70
415,TATAPOWER,TATAPOWER.NS,NIFTYNEXT50,Power,342.1499938964844,26.36093700514676,31.227909233075884,REJECT,9.825019810925196,30.367647058823533,-0.06677540240935476,16.5,6.208292801002824,8,0.09400238467826036,1.1097400543355196,False,Price not above 200-day average; 50-day average not above 200-day average; 20-day average not above 50-day average; 6-month relative strength versus Nifty is not positive; Momentum score below 55; Trend score below 70; Sector score below 45
416,SYNGENE,SYNGENE.NS,NIFTYSMALLCAP250,Healthcare,347.3999938964844,26.3332976144344,14.931517848816435,REJECT,6.747715855518568,17.773109243697476,-0.06542442831291084,89.0,9.646540372730506,7,0.1092307848808093,0.6247298285344682,False,Price not above 200-day average; 50-day average not above 200-day average; 20-day average not above 50-day average; 6-month relative strength versus Nifty is not positive; Momentum score below 55; Trend score below 70
417,IEX,IEX.NS,NIFTYSMALLCAP250,Financial Services,104.77999877929688,26.294010559051074,15.054008016043724,REJECT,6.146668899492145,18.403361344537817,-0.11616440379289561,30.0,7.579573297794427,8,0.11868113956420878,0.9451070995716667,False,Price not above 200-day average; 50-day average not above 200-day average; 20-day average not above 50-day average; 6-month relative strength versus Nifty is not positive; Momentum score below 55; Trend score below 70; Sector score below 45
418,INOXWIND,INOXWIND.NS,NIFTYSMALLCAP250,Capital Goods,66.6500015258789,26.246492937098214,6.967477609766098,REJECT,7.665524962670959,6.407563025210084,-0.16802452456353412,79.0,6.906609897980265,8,0.15515271844932482,3.298496429831432,False,Price not above 200-day average; 50-day average not above 200-day average; 20-day average not above 50-day average; 6-month relative strength versus Nifty is not positive; Momentum score below 55; Trend score below 70
419,COROMANDEL,COROMANDEL.NS,NIFTYMIDCAP150,Chemicals,1703.4000244140625,26.22358125998365,10.097525804475563,REJECT,5.05978859184817,12.342436974789916,-0.13266247745688198,52.0,9.336263279499978,8,0.15669092339944451,1.1930317589508914,False,Price not above 200-day average; 50-day average not above 200-day average; 20-day average not above 50-day average; 6-month relative strength versus Nifty is not positive; Momentum score below 55; Trend score below 70
420,ASHOKLEY,ASHOKLEY.NS,NIFTYMIDCAP150,Capital Goods,145.05999755859375,26.201721573443113,19.309695855317106,REJECT,5.108366680742547,29.61134453781513,-0.08308356106571846,79.0,5.824839001723259,7,0.14302597095051878,0.8784110392448787,False,Price not above 200-day average; 50-day average not above 200-day average; 20-day average not above 50-day average; 6-month relative strength versus Nifty is not positive; Momentum score below 55; Trend score below 70
421,EIDPARRY,EIDPARRY.NS,NIFTYSMALLCAP250,Fast Moving Consumer Goods,688.9000244140625,26.167829235296814,24.4705603293043,REJECT,8.481503086122785,19.012605042016805,-0.11926309024362725,62.0,6.926240626922627,8,0.10182526152012712,0.48739907258720466,False,Price not above 200-day average; 50-day average not above 200-day average; 20-day average not above 50-day average; 6-month relative strength versus Nifty is not positive; Momentum score below 55; Trend score below 70
422,GRSE,GRSE.NS,NIFTYSMALLCAP250,Capital Goods,2046.0,26.115365219914203,9.948471004679535,REJECT,2.1399479426733854,11.449579831932773,-0.11021818301275688,79.0,11.696698888426061,8,0.19638296836764219,1.160988784940129,False,Price not above 200-day average; 50-day average not above 200-day average; 20-day average not above 50-day average; 6-month relative strength versus Nifty is not positive; Momentum score below 55; Trend score below 70
423,PFC,PFC.NS,NIFTYNEXT50,Financial Services,327.79998779296875,26.094950144431536,26.53147690826479,REJECT,8.489784044337565,16.313025210084035,-0.13766916616215574,30.0,4.524058971964835,7,0.07739938346416181,0.5389641337931281,False,Price not above 200-day average; 50-day average not above 200-day average; 20-day average not above 50-day average; 6-month relative strength versus Nifty is not positive; Momentum score below 55; Trend score below 70; Sector score below 45
424,AAVAS,AAVAS.NS,NIFTYSMALLCAP250,Financial Services,1193.0,26.057554228925405,20.79713780686749,REJECT,8.19770256512036,32.857142857142854,0.04806540088791611,30.0,8.14564843602004,7,0.11142557597667845,0.3463430260701385,False,Price not above 200-day average; 50-day average not above 200-day average; 20-day average not above 50-day average; Momentum score below 55; Trend score below 70; Sector score below 45
425,CROMPTON,CROMPTON.NS,NIFTYSMALLCAP250,Consumer Durables,205.11000061035156,26.02832549159285,19.11707997280611,REJECT,5.327598495756659,13.918067226890756,-0.09481923524644331,28.0,11.059423954067928,6,0.12503198441913724,1.2682058399605531,False,Price not above 200-day average; 50-day average not above 200-day average; 20-day average not above 50-day average; 6-month relative strength versus Nifty is not positive; Momentum score below 55; Trend score below 70; Sector score below 45
426,SBICARD,SBICARD.NS,NIFTYMIDCAP150,Financial Services,562.0,26.02724948952596,21.742012255538107,REJECT,6.405129304136555,19.054621848739494,-0.10121173934591632,30.0,8.843152686979824,7,0.16672846048153567,0.6533752257291955,False,Price not above 200-day average; 50-day average not above 200-day average; 20-day average not above 50-day average; 6-month relative strength versus Nifty is not positive; Momentum score below 55; Trend score below 70; Sector score below 45
427,TECHNOE,TECHNOE.NS,NIFTYSMALLCAP250,Construction,954.9000244140625,25.76619244845947,27.78280515897627,REJECT,30.06373794256627,34.45378151260505,-0.04642722682774947,21.5,6.723637121212272,8,0.09680773287863562,0.47838083984791596,False,Price not above 200-day average; 50-day average not above 200-day average; 6-month relative strength versus Nifty is not positive; Momentum score below 55; Trend score below 70; Sector score below 45
428,HEGAM,HEGAM.NS,NIFTYSMALLCAP250,Capital Goods,233.55999755859375,25.651496900691498,10.663090163075713,REJECT,6.298047577119379,3.2878151260504205,-0.5225546736034868,79.0,9.94676402937696,7,0.13974218210462708,0.824644166047934,False,Price not above 200-day average; 50-day average not above 200-day average; 20-day average not above 50-day average; 6-month relative strength versus Nifty is not positive; Momentum score below 55; Trend score below 70
429,AVANTIFEED,AVANTIFEED.NS,NIFTYSMALLCAP250,Fast Moving Consumer Goods,699.0999755859375,25.602321914491984,17.364954781342075,REJECT,4.231264054362961,11.806722689075631,-0.39227789329450524,62.0,8.237869921367444,8,0.16971499336586995,0.8268487224063175,False,Price not above 200-day average; 50-day average not above 200-day average; 20-day average not above 50-day average; 6-month relative strength versus Nifty is not positive; Momentum score below 55; Trend score below 70
430,HUDCO,HUDCO.NS,NIFTYMIDCAP150,Financial Services,159.75,25.00296712301626,15.430310616037396,REJECT,6.18801163605895,19.653361344537817,-0.048810020967502976,30.0,7.172630376531302,7,0.10853793124706287,0.664113969667401,False,Price not above 200-day average; 50-day average not above 200-day average; 20-day average not above 50-day average; 6-month relative strength versus Nifty is not positive; Momentum score below 55; Trend score below 70; Sector score below 45
431,TIINDIA,TIINDIA.NS,NIFTYMIDCAP150,Automobile and Auto Components,2213.0,24.670734655933906,8.032349138960768,REJECT,2.2257919826062698,8.771008403361344,-0.12652868930567507,57.0,10.456266228465518,8,0.1829727829091834,2.3836036618518754,False,Price not above 200-day average; 50-day average not above 200-day average; 20-day average not above 50-day average; 6-month relative strength versus Nifty is not positive; Momentum score below 55; Trend score below 70
432,GICRE,GICRE.NS,NIFTYMIDCAP150,Financial Services,312.6000061035156,24.62225216197865,17.674264184392293,REJECT,9.058086622632866,23.581932773109244,-0.10111414161162713,30.0,4.086643905430288,7,0.1163250710854682,1.1495392345450446,False,Price not above 200-day average; 50-day average not above 200-day average; 20-day average not above 50-day average; 6-month relative strength versus Nifty is not positive; Momentum score below 55; Trend score below 70; Sector score below 45
433,JKTYRE,JKTYRE.NS,NIFTYSMALLCAP250,Automobile and Auto Components,333.3999938964844,24.450702376902356,18.459498632951043,REJECT,7.843355579443606,17.846638655462186,-0.14168634832775096,57.0,5.0746451954350595,8,0.08594929706241433,0.5439074065917832,False,Price not above 200-day average; 50-day average not above 200-day average; 20-day average not above 50-day average; 6-month relative strength versus Nifty is not positive; Momentum score below 55; Trend score below 70
434,JWL,JWL.NS,NIFTYSMALLCAP250,Capital Goods,214.39999389648438,24.33530425850084,9.537931665460214,REJECT,6.295623859651507,10.3781512605042,-0.15204190274716411,79.0,10.762009463126615,8,0.13513513846228087,0.3459693682787654,False,Price not above 200-day average; 50-day average not above 200-day average; 20-day average not above 50-day average; 6-month relative strength versus Nifty is not positive; Momentum score below 55; Trend score below 70
435,IRB,IRB.NS,NIFTYSMALLCAP250,Construction,17.479999542236328,24.309216788580265,15.523570055405791,REJECT,9.41773995042521,21.764705882352942,-0.09967130189211337,21.5,8.10061012443126,8,0.15145634861443624,0.7084442131247362,False,Price not above 200-day average; 50-day average not above 200-day average; 20-day average not above 50-day average; 6-month relative strength versus Nifty is not positive; Momentum score below 55; Trend score below 70; Sector score below 45
436,MFSL,MFSL.NS,NIFTYMIDCAP150,Financial Services,1309.699951171875,24.3092144357001,10.181421271973946,REJECT,5.256650047414661,13.84453781512605,-0.11303185694298323,30.0,11.094809203710902,8,0.17722081228979145,0.5289924754797668,False,Price not above 200-day average; 50-day average not above 200-day average; 20-day average not above 50-day average; 6-month relative strength versus Nifty is not positive; Momentum score below 55; Trend score below 70; Sector score below 45
437,GALLANTT,GALLANTT.NS,NIFTYSMALLCAP250,Capital Goods,503.75,23.951564589120526,8.689953839228698,REJECT,6.841651166507362,8.466386554621849,-0.18500504348711877,79.0,7.385158735966214,8,0.13044452093598746,0.8599078411104462,False,Price not above 200-day average; 50-day average not above 200-day average; 20-day average not above 50-day average; 6-month relative strength versus Nifty is not positive; Momentum score below 55; Trend score below 70
438,UPL,UPL.NS,NIFTYMIDCAP150,Chemicals,488.45001220703125,23.94427416201389,9.573991273429908,REJECT,4.930072582392315,9.201680672268907,-0.1681658021400586,52.0,8.572008688715243,7,0.15784480653960128,0.5634431854784573,False,Price not above 200-day average; 50-day average not above 200-day average; 20-day average not above 50-day average; 6-month relative strength versus Nifty is not positive; Momentum score below 55; Trend score below 70
439,IRFC,IRFC.NS,NIFTYNEXT50,Financial Services,74.69999694824219,23.89197583496038,13.902212176334098,REJECT,7.146395851788664,9.737394957983195,-0.18322371690310424,30.0,5.5840473764686855,7,0.09640741982860025,1.0293745064390947,False,Price not above 200-day average; 50-day average not above 200-day average; 20-day average not above 50-day average; 6-month relative strength versus Nifty is not positive; Momentum score below 55; Trend score below 70; Sector score below 45
440,SWIGGY,SWIGGY.NS,NIFTYMIDCAP150,Consumer Services,234.1999969482422,23.82580133296525,10.239872636744252,REJECT,4.172379215045246,14.758403361344538,-0.09494766596683635,49.5,13.162706765471967,5,0.1914379358421772,0.6950106234895784,False,Price not above 200-day average; 50-day average not above 200-day average; 20-day average not above 50-day average; 6-month relative strength versus Nifty is not positive; Momentum score below 55; Trend score below 70
441,KPITTECH,KPITTECH.NS,NIFTYSMALLCAP250,Information Technology,479.0,23.821768344295158,7.587118883500551,REJECT,3.0428009646774985,6.859243697478992,-0.2686302546266073,63.5,7.573389883618574,8,0.17548844145767856,1.1697175475828747,False,Price not above 200-day average; 50-day average not above 200-day average; 20-day average not above 50-day average; 6-month relative strength versus Nifty is not positive; Momentum score below 55; Trend score below 70
442,GODREJPROP,GODREJPROP.NS,NIFTYMIDCAP150,Realty,1550.0,23.685276203637798,25.408855448182347,REJECT,20.047421248010526,20.483193277310924,-0.02346785415882724,29.0,6.886307442502376,8,0.18771615152379348,0.46169619199421597,False,Price not above 200-day average; 20-day average not above 50-day average; 6-month relative strength versus Nifty is not positive; Momentum score below 55; Trend score below 70; Sector score below 45
443,ITI,ITI.NS,NIFTYSMALLCAP250,Telecommunication,240.1300048828125,23.136413866145023,17.427136474985865,REJECT,7.389022985412223,24.044117647058822,-0.0382494833325524,97.0,7.8689339984429525,7,0.1106296115451389,0.5657553080611968,False,Price not above 200-day average; 50-day average not above 200-day average; 20-day average not above 50-day average; 6-month relative strength versus Nifty is not positive; Momentum score below 55; Trend score below 70
444,TTML,TTML.NS,NIFTYSMALLCAP250,Telecommunication,32.88999938964844,22.850965368628327,9.390722652816633,REJECT,6.438061966931692,10.136554621848738,-0.1305460795082023,97.0,8.364978902953586,6,0.14013073491115197,0.23280917787909314,False,Price not above 200-day average; 50-day average not above 200-day average; 20-day average not above 50-day average; 6-month relative strength versus Nifty is not positive; Momentum score below 55; Trend score below 70
445,BATAINDIA,BATAINDIA.NS,NIFTYSMALLCAP250,Consumer Durables,613.25,22.702812642268473,26.52444810325413,REJECT,9.073062277030948,31.764705882352946,-0.02591211484293532,28.0,7.707886564943632,8,0.08051579762226913,0.5936588961047334,False,Price not above 200-day average; 50-day average not above 200-day average; 20-day average not above 50-day average; 6-month relative strength versus Nifty is not positive; Momentum score below 55; Trend score below 70; Sector score below 45
446,ZEEL,ZEEL.NS,NIFTYSMALLCAP250,Media Entertainment & Publication,69.97000122070312,22.277219978845867,19.11356904899852,REJECT,1.8257339536589416,17.836134453781515,-0.02918137692014311,58.0,4.310106303741559,8,0.17823210798630332,0.9030483931504224,False,Price not above 200-day average; 50-day average not above 200-day average; 20-day average not above 50-day average; 6-month relative strength versus Nifty is not positive; Momentum score below 55; Trend score below 70
447,SWANCORP,SWANCORP.NS,NIFTYSMALLCAP250,Chemicals,261.5,22.23965780121219,10.238693210349695,REJECT,6.485996544279803,12.92016806722689,-0.14707886217182486,52.0,8.56537681535519,7,0.1707626607301825,0.26352764432057885,False,Price not above 200-day average; 50-day average not above 200-day average; 20-day average not above 50-day average; 6-month relative strength versus Nifty is not positive; Momentum score below 55; Trend score below 70
448,FIRSTCRY,FIRSTCRY.NS,NIFTYSMALLCAP250,Consumer Services,169.1699981689453,22.20535815316213,6.922376237952322,REJECT,7.166514486867945,9.233193277310924,-0.2516940385564489,49.5,9.86039426006555,5,0.13379418573735305,0.25749252259604904,False,Price not above 200-day average; 50-day average not above 200-day average; 20-day average not above 50-day average; 6-month relative strength versus Nifty is not positive; Momentum score below 55; Trend score below 70
449,SJVN,SJVN.NS,NIFTYSMALLCAP250,Power,55.27000045776367,22.13299952763581,8.58597084895066,REJECT,4.115459416202772,6.449579831932774,-0.15086690699813665,16.5,8.975936799674296,8,0.1911312896724597,1.4898428366627572,False,Price not above 200-day average; 50-day average not above 200-day average; 20-day average not above 50-day average; 6-month relative strength versus Nifty is not positive; Momentum score below 55; Trend score below 70; Sector score below 45
450,JSWENERGY,JSWENERGY.NS,NIFTYMIDCAP150,Power,462.29998779296875,22.035905345875666,29.299714813789425,REJECT,22.61678653961999,28.508403361344534,-0.014499277935747568,16.5,4.192559521079903,8,0.14657563711428673,0.6050614257741851,False,Price not above 200-day average; 20-day average not above 50-day average; 6-month relative strength versus Nifty is not positive; Momentum score below 55; Trend score below 70; Sector score below 45
451,GODFRYPHLP,GODFRYPHLP.NS,NIFTYMIDCAP150,Fast Moving Consumer Goods,1813.199951171875,21.962090798988267,19.69876155745943,REJECT,6.162829333100574,26.34453781512605,-0.02116273178720618,62.0,3.2542569916579334,8,0.1019761413024191,0.8192063227917451,False,Price not above 200-day average; 50-day average not above 200-day average; 20-day average not above 50-day average; 6-month relative strength versus Nifty is not positive; Momentum score below 55; Trend score below 70
452,KEC,KEC.NS,NIFTYSMALLCAP250,Construction,369.8500061035156,21.789724667960193,7.07295556221697,REJECT,6.278011064556194,4.4747899159663875,-0.27926275062476724,21.5,4.989099076730531,8,0.13908286580797383,8.649161054789024,False,Price not above 200-day average; 50-day average not above 200-day average; 20-day average not above 50-day average; 6-month relative strength versus Nifty is not positive; Momentum score below 55; Trend score below 70; Sector score below 45
453,RAMCOCEM,RAMCOCEM.NS,NIFTYSMALLCAP250,Construction Materials,807.5499877929688,21.719541932694955,24.68033069385619,REJECT,8.220957782823133,19.94747899159664,-0.12319882510893454,6.5,6.300072342910676,8,0.10072384432854259,0.5470165076015447,False,Price not above 200-day average; 50-day average not above 200-day average; 20-day average not above 50-day average; 6-month relative strength versus Nifty is not positive; Momentum score below 55; Trend score below 70; Sector score below 45
454,LINDEINDIA,LINDEINDIA.NS,NIFTYMIDCAP150,Chemicals,5996.0,21.682572916258454,23.233798687953545,REJECT,9.3877748467868,25.27310924369748,-0.10124236395958885,52.0,7.551273246884744,8,0.07461995524346014,0.5013515992905633,False,Price not above 200-day average; 50-day average not above 200-day average; 20-day average not above 50-day average; 6-month relative strength versus Nifty is not positive; Momentum score below 55; Trend score below 70
455,JBMA,JBMA.NS,NIFTYSMALLCAP250,Automobile and Auto Components,528.5999755859375,21.37308094929706,22.070771138539836,REJECT,4.289711340160292,21.90126050420168,-0.02620897665451216,57.0,7.617243236937483,8,0.16552219528069956,0.5463227550845076,False,Price not above 200-day average; 50-day average not above 200-day average; 20-day average not above 50-day average; 6-month relative strength versus Nifty is not positive; Momentum score below 55; Trend score below 70
456,NLCINDIA,NLCINDIA.NS,NIFTYMIDCAP150,Power,243.5500030517578,21.12777347515572,17.39774091849454,REJECT,7.124702685486601,25.22058823529412,-0.034064783098662565,16.5,7.422577942657092,8,0.13645560406234244,0.5910464677407401,False,Price not above 200-day average; 50-day average not above 200-day average; 20-day average not above 50-day average; 6-month relative strength versus Nifty is not positive; Momentum score below 55; Trend score below 70; Sector score below 45
457,UBL,UBL.NS,NIFTYMIDCAP150,Fast Moving Consumer Goods,1168.199951171875,20.747948362743074,15.873245446994508,REJECT,7.302236819521896,16.4390756302521,-0.15227943127185561,62.0,7.638237626007079,8,0.09420795890517018,0.851207438469677,False,Price not above 200-day average; 50-day average not above 200-day average; 20-day average not above 50-day average; 6-month relative strength versus Nifty is not positive; Momentum score below 55; Trend score below 70
458,DALBHARAT,DALBHARAT.NS,NIFTYMIDCAP150,Construction Materials,1598.5999755859375,20.72048245617729,23.328087243175577,REJECT,7.532370553869601,22.3109243697479,-0.10454069428160495,6.5,6.3379695908162965,8,0.11893741508177884,0.26173818370007274,False,Price not above 200-day average; 50-day average not above 200-day average; 20-day average not above 50-day average; 6-month relative strength versus Nifty is not positive; Momentum score below 55; Trend score below 70; Sector score below 45
459,HAVELLS,HAVELLS.NS,NIFTYMIDCAP150,Consumer Durables,1041.5,20.594513292799725,26.05216868998762,REJECT,5.995531278251835,20.031512605042018,-0.09868398155394076,28.0,6.587092489109249,8,0.08919982509838216,0.782775431428822,False,Price not above 200-day average; 50-day average not above 200-day average; 20-day average not above 50-day average; 6-month relative strength versus Nifty is not positive; Momentum score below 55; Trend score below 70; Sector score below 45
460,RPOWER,RPOWER.NS,NIFTYSMALLCAP250,Power,20.010000228881836,19.877189895940333,10.365836339579717,REJECT,8.213507403291693,10.934873949579833,-0.13029736556024252,16.5,8.573435526822204,5,0.1262008488118009,0.8430427974271704,False,Price not above 200-day average; 50-day average not above 200-day average; 20-day average not above 50-day average; 6-month relative strength versus Nifty is not positive; Momentum score below 55; Trend score below 70; Sector score below 45
461,TMPV,TMPV.NS,NIFTY50,Automobile and Auto Components,279.8999938964844,19.797968595596302,13.048649756789501,REJECT,6.880034600705662,15.189075630252102,-0.09537326439204119,57.0,4.848256170091266,6,0.12572232006043463,0.558176628339609,False,Price not above 200-day average; 50-day average not above 200-day average; 20-day average not above 50-day average; 6-month relative strength versus Nifty is not positive; Momentum score below 55; Trend score below 70
462,NBCC,NBCC.NS,NIFTYSMALLCAP250,Construction,74.45999908447266,19.5794159216551,10.994395882511245,REJECT,4.780711756812024,11.95378151260504,-0.09347936607459828,21.5,10.116435367079239,8,0.12932644986826536,0.7051719733866052,False,Price not above 200-day average; 50-day average not above 200-day average; 20-day average not above 50-day average; 6-month relative strength versus Nifty is not positive; Momentum score below 55; Trend score below 70; Sector score below 45
463,ABREL,ABREL.NS,NIFTYSMALLCAP250,Realty,1022.2999877929688,19.570961776413185,5.204545759180586,REJECT,0.0874260873296416,6.754201680672269,-0.12781527628360712,29.0,9.984501600299877,5,0.25488339082145134,1.3819838228996368,False,Price not above 200-day average; 50-day average not above 200-day average; 20-day average not above 50-day average; 6-month relative strength versus Nifty is not positive; Momentum score below 55; Trend score below 70; Sector score below 45
464,SIGNATURE,SIGNATURE.NS,NIFTYSMALLCAP250,Realty,710.0499877929688,19.197081990757365,12.619174181005938,REJECT,8.183041130904854,18.319327731092436,-0.08214843040265352,29.0,6.235570869736551,7,0.1424517055640474,0.554387094139311,False,Price not above 200-day average; 50-day average not above 200-day average; 20-day average not above 50-day average; 6-month relative strength versus Nifty is not positive; Momentum score below 55; Trend score below 70; Sector score below 45
465,AMBER,AMBER.NS,NIFTYSMALLCAP250,Consumer Durables,6445.0,18.83365893874373,17.5883400027131,REJECT,7.145825255594053,27.079831932773104,-0.010316286282730291,28.0,6.716550272923374,8,0.12461799660441426,1.2343139271754784,False,Price not above 200-day average; 50-day average not above 200-day average; 20-day average not above 50-day average; 6-month relative strength versus Nifty is not positive; Momentum score below 55; Trend score below 70; Sector score below 45
466,VOLTAS,VOLTAS.NS,NIFTYMIDCAP150,Consumer Durables,1033.699951171875,17.482016962495067,11.863505818272605,REJECT,4.99554252034048,14.212184873949578,-0.118604889521717,28.0,12.804739507567184,8,0.12324007534192112,0.31734230871464086,False,Price not above 200-day average; 50-day average not above 200-day average; 20-day average not above 50-day average; 6-month relative strength versus Nifty is not positive; Momentum score below 55; Trend score below 70; Sector score below 45
467,AMBUJACEM,AMBUJACEM.NS,NIFTYNEXT50,Construction Materials,351.5,17.329879405565595,9.705217884058692,REJECT,5.530618196347581,8.686974789915967,-0.14776763951522565,6.5,4.747255144969436,8,0.12300396530559381,1.4039622909880136,False,Price not above 200-day average; 50-day average not above 200-day average; 20-day average not above 50-day average; 6-month relative strength versus Nifty is not positive; Momentum score below 55; Trend score below 70; Sector score below 45
468,ACC,ACC.NS,NIFTYSMALLCAP250,Construction Materials,1133.0,17.24493918529395,12.60430093510529,REJECT,6.352873205938956,11.271008403361346,-0.13083292036208505,6.5,3.9178161924821135,8,0.1150511936346098,0.8154085012420645,False,Price not above 200-day average; 50-day average not above 200-day average; 20-day average not above 50-day average; 6-month relative strength versus Nifty is not positive; Momentum score below 55; Trend score below 70; Sector score below 45
469,POLICYBZR,POLICYBZR.NS,NIFTYMIDCAP150,Financial Services,1012.0,16.738283307989615,0.6570378151260504,REJECT,0.0,1.4600840336134453,-0.2631136785290473,30.0,11.246051596207877,8,0.4687385232664449,0.22801794709737913,False,Price not above 200-day average; 50-day average not above 200-day average; 20-day average not above 50-day average; 6-month relative strength versus Nifty is not positive; Momentum score below 55; Trend score below 70; Sector score below 45
470,AFCONS,AFCONS.NS,NIFTYSMALLCAP250,Construction,242.0399932861328,16.650013781792993,16.907066314068686,REJECT,7.457944610904159,8.140756302521009,-0.13621361384412367,21.5,4.791797270231806,8,0.20525364312058306,0.11558435170820801,False,Price not above 200-day average; 50-day average not above 200-day average; 20-day average not above 50-day average; 6-month relative strength versus Nifty is not positive; Momentum score below 55; Trend score below 70; Sector score below 45
471,RVNL,RVNL.NS,NIFTYMIDCAP150,Construction,190.64999389648438,16.136672744766333,10.687924602734707,REJECT,6.7323415005953935,8.445378151260504,-0.24287033373426714,21.5,8.669788131737734,8,0.11031779425221643,0.7840048363079093,False,Price not above 200-day average; 50-day average not above 200-day average; 20-day average not above 50-day average; 6-month relative strength versus Nifty is not positive; Momentum score below 55; Trend score below 70; Sector score below 45
472,SAMMAANCAP,SAMMAANCAP.NS,NIFTYSMALLCAP250,Financial Services,126.44000244140625,16.114152828950676,9.512451909933512,REJECT,3.3713480644344136,10.357142857142858,-0.1104268399984315,30.0,3.530708874967666,5,0.17488907655353317,1.1016024257491503,False,Price not above 200-day average; 50-day average not above 200-day average; 20-day average not above 50-day average; 6-month relative strength versus Nifty is not positive; Momentum score below 55; Trend score below 70; Sector score below 45
473,INDIACEM,INDIACEM.NS,NIFTYSMALLCAP250,Construction Materials,297.45001220703125,16.042810358110863,7.702664704791804,REJECT,2.4943072184725845,8.392857142857142,-0.15092589479340057,6.5,9.447716328825582,7,0.17237056967590314,0.5233033066219053,False,Price not above 200-day average; 50-day average not above 200-day average; 20-day average not above 50-day average; 6-month relative strength versus Nifty is not positive; Momentum score below 55; Trend score below 70; Sector score below 45
474,PIIND,PIIND.NS,NIFTYMIDCAP150,Chemicals,2118.199951171875,15.996992759729281,8.237301188563096,REJECT,4.594313948094279,6.670168067226891,-0.19956001263455714,52.0,3.68011533956729,8,0.12784617541997326,0.3923616274016877,False,Price not above 200-day average; 50-day average not above 200-day average; 20-day average not above 50-day average; 6-month relative strength versus Nifty is not positive; Momentum score below 55; Trend score below 70
475,IRCON,IRCON.NS,NIFTYSMALLCAP250,Construction,104.55999755859375,15.969000410855422,7.679758168490714,REJECT,6.627411238771331,8.718487394957982,-0.1548452128911848,21.5,5.710176851935735,8,0.1496421735758003,0.2871440025129914,False,Price not above 200-day average; 50-day average not above 200-day average; 20-day average not above 50-day average; 6-month relative strength versus Nifty is not positive; Momentum score below 55; Trend score below 70; Sector score below 45
476,GMDCLTD,GMDCLTD.NS,NIFTYSMALLCAP250,Metals & Mining,462.1499938964844,15.811336987887547,8.620566129151241,REJECT,4.1738749002596265,8.09873949579832,-0.15532730471901712,19.0,7.232171113637644,8,0.21784894627127602,0.7051828688378835,False,Price not above 200-day average; 50-day average not above 200-day average; 20-day average not above 50-day average; 6-month relative strength versus Nifty is not positive; Momentum score below 55; Trend score below 70; Sector score below 45
